sku_id,product_family_key,component,component_resale_value_usd,resale_pct_of_bom_cost,avg_parts_listing_count
SKU-0001,Other/Unbranded_Unknown_Unk_Unk_Unk,Motherboard,30.5,16.1,21
SKU-0001,Other/Unbranded_Unknown_Unk_Unk_Unk,Display Panel,75.32,69.9,42
SKU-0001,Other/Unbranded_Unknown_Unk_Unk_Unk,Battery,10.11,22.8,46
SKU-0001,Other/Unbranded_Unknown_Unk_Unk_Unk,RAM Module,17.93,51.6,35
SKU-0001,Other/Unbranded_Unknown_Unk_Unk_Unk,Storage (SSD/HDD),20.05,39.2,51
SKU-0001,Other/Unbranded_Unknown_Unk_Unk_Unk,Keyboard/Chassis,9.74,13.0,18
SKU-0001,Other/Unbranded_Unknown_Unk_Unk_Unk,Power Adapter,7.83,25.9,46
SKU-0002,Dell_i5_Unk_256GB_14-16in,Motherboard,33.56,16.2,41
SKU-0002,Dell_i5_Unk_256GB_14-16in,Display Panel,85.15,64.0,11
SKU-0002,Dell_i5_Unk_256GB_14-16in,Battery,8.91,18.4,9
SKU-0002,Dell_i5_Unk_256GB_14-16in,RAM Module,16.68,40.6,19
SKU-0002,Dell_i5_Unk_256GB_14-16in,Storage (SSD/HDD),24.04,37.7,8
SKU-0002,Dell_i5_Unk_256GB_14-16in,Keyboard/Chassis,11.39,12.9,20
SKU-0002,Dell_i5_Unk_256GB_14-16in,Power Adapter,11.87,28.0,16
SKU-0003,Dell_i5_Unk_128GB_14-16in,Motherboard,46.08,20.5,23
SKU-0003,Dell_i5_Unk_128GB_14-16in,Display Panel,84.43,60.2,28
SKU-0003,Dell_i5_Unk_128GB_14-16in,Battery,10.66,18.7,31
SKU-0003,Dell_i5_Unk_128GB_14-16in,RAM Module,21.4,51.6,26
SKU-0003,Dell_i5_Unk_128GB_14-16in,Storage (SSD/HDD),21.83,34.2,53
SKU-0003,Dell_i5_Unk_128GB_14-16in,Keyboard/Chassis,15.4,16.2,7
SKU-0003,Dell_i5_Unk_128GB_14-16in,Power Adapter,11.93,28.1,11
SKU-0004,AUO_Unknown_Unk_Unk_Unk,Motherboard,28.25,17.1,37
SKU-0004,AUO_Unknown_Unk_Unk_Unk,Display Panel,66.67,55.9,37
SKU-0004,AUO_Unknown_Unk_Unk_Unk,Battery,8.5,21.6,28
SKU-0004,AUO_Unknown_Unk_Unk_Unk,RAM Module,11.74,38.8,17
SKU-0004,AUO_Unknown_Unk_Unk_Unk,Storage (SSD/HDD),18.52,35.3,34
SKU-0004,AUO_Unknown_Unk_Unk_Unk,Keyboard/Chassis,11.49,15.0,32
SKU-0004,AUO_Unknown_Unk_Unk_Unk,Power Adapter,7.5,25.3,31
SKU-0005,LG_Unknown_Unk_Unk_Unk,Motherboard,35.2,20.3,47
SKU-0005,LG_Unknown_Unk_Unk_Unk,Display Panel,52.46,46.7,46
SKU-0005,LG_Unknown_Unk_Unk_Unk,Battery,8.06,20.2,57
SKU-0005,LG_Unknown_Unk_Unk_Unk,RAM Module,13.68,39.7,59
SKU-0005,LG_Unknown_Unk_Unk_Unk,Storage (SSD/HDD),20.94,38.2,5
SKU-0005,LG_Unknown_Unk_Unk_Unk,Keyboard/Chassis,9.81,14.6,39
SKU-0005,LG_Unknown_Unk_Unk_Unk,Power Adapter,7.66,23.1,56
SKU-0006,Dell_i5_Unk_512GB_14-16in,Motherboard,39.32,16.7,14
SKU-0006,Dell_i5_Unk_512GB_14-16in,Display Panel,85.76,58.1,51
SKU-0006,Dell_i5_Unk_512GB_14-16in,Battery,14.22,22.9,30
SKU-0006,Dell_i5_Unk_512GB_14-16in,RAM Module,19.47,50.5,21
SKU-0006,Dell_i5_Unk_512GB_14-16in,Storage (SSD/HDD),28.82,39.4,8
SKU-0006,Dell_i5_Unk_512GB_14-16in,Keyboard/Chassis,15.19,16.2,19
SKU-0006,Dell_i5_Unk_512GB_14-16in,Power Adapter,11.52,26.0,8
SKU-0007,Samsung_Unknown_Unk_Unk_Unk,Motherboard,34.53,18.0,18
SKU-0007,Samsung_Unknown_Unk_Unk_Unk,Display Panel,77.86,73.2,21
SKU-0007,Samsung_Unknown_Unk_Unk_Unk,Battery,8.48,19.1,9
SKU-0007,Samsung_Unknown_Unk_Unk_Unk,RAM Module,12.99,43.5,20
SKU-0007,Samsung_Unknown_Unk_Unk_Unk,Storage (SSD/HDD),24.33,42.8,52
SKU-0007,Samsung_Unknown_Unk_Unk_Unk,Keyboard/Chassis,11.24,13.9,18
SKU-0007,Samsung_Unknown_Unk_Unk_Unk,Power Adapter,8.56,25.2,4
SKU-0008,Dell_i5_Unk_1TB_14-16in,Motherboard,43.62,16.3,43
SKU-0008,Dell_i5_Unk_1TB_14-16in,Display Panel,137.45,82.8,26
SKU-0008,Dell_i5_Unk_1TB_14-16in,Battery,13.49,22.1,51
SKU-0008,Dell_i5_Unk_1TB_14-16in,RAM Module,20.19,46.4,37
SKU-0008,Dell_i5_Unk_1TB_14-16in,Storage (SSD/HDD),34.65,45.7,20
SKU-0008,Dell_i5_Unk_1TB_14-16in,Keyboard/Chassis,16.14,15.9,18
SKU-0008,Dell_i5_Unk_1TB_14-16in,Power Adapter,10.98,21.4,16
SKU-0009,Dell_i5_Unk_256GB_12-14in,Motherboard,44.34,18.9,35
SKU-0009,Dell_i5_Unk_256GB_12-14in,Display Panel,104.35,70.2,24
SKU-0009,Dell_i5_Unk_256GB_12-14in,Battery,9.87,19.4,56
SKU-0009,Dell_i5_Unk_256GB_12-14in,RAM Module,18.69,43.0,35
SKU-0009,Dell_i5_Unk_256GB_12-14in,Storage (SSD/HDD),24.69,36.3,50
SKU-0009,Dell_i5_Unk_256GB_12-14in,Keyboard/Chassis,14.08,15.7,19
SKU-0009,Dell_i5_Unk_256GB_12-14in,Power Adapter,10.29,23.3,8
SKU-0010,Lenovo_i5_Unk_256GB_14-16in,Motherboard,50.7,20.5,37
SKU-0010,Lenovo_i5_Unk_256GB_14-16in,Display Panel,69.15,42.8,34
SKU-0010,Lenovo_i5_Unk_256GB_14-16in,Battery,10.32,18.0,27
SKU-0010,Lenovo_i5_Unk_256GB_14-16in,RAM Module,19.99,50.8,48
SKU-0010,Lenovo_i5_Unk_256GB_14-16in,Storage (SSD/HDD),28.27,45.9,4
SKU-0010,Lenovo_i5_Unk_256GB_14-16in,Keyboard/Chassis,12.66,14.2,42
SKU-0010,Lenovo_i5_Unk_256GB_14-16in,Power Adapter,9.99,23.9,31
SKU-0011,Dell_i5_8GB_256GB_14-16in,Motherboard,34.14,15.7,9
SKU-0011,Dell_i5_8GB_256GB_14-16in,Display Panel,89.08,60.2,48
SKU-0011,Dell_i5_8GB_256GB_14-16in,Battery,10.82,19.0,30
SKU-0011,Dell_i5_8GB_256GB_14-16in,RAM Module,19.38,47.3,53
SKU-0011,Dell_i5_8GB_256GB_14-16in,Storage (SSD/HDD),24.98,37.4,24
SKU-0011,Dell_i5_8GB_256GB_14-16in,Keyboard/Chassis,12.61,14.1,45
SKU-0011,Dell_i5_8GB_256GB_14-16in,Power Adapter,10.08,27.0,46
SKU-0012,Dell_i7_16GB_512GB_14-16in,Motherboard,61.97,17.5,37
SKU-0012,Dell_i7_16GB_512GB_14-16in,Display Panel,147.85,67.1,44
SKU-0012,Dell_i7_16GB_512GB_14-16in,Battery,13.99,18.6,30
SKU-0012,Dell_i7_16GB_512GB_14-16in,RAM Module,24.97,40.7,25
SKU-0012,Dell_i7_16GB_512GB_14-16in,Storage (SSD/HDD),33.34,34.7,3
SKU-0012,Dell_i7_16GB_512GB_14-16in,Keyboard/Chassis,17.81,13.2,27
SKU-0012,Dell_i7_16GB_512GB_14-16in,Power Adapter,17.14,28.4,41
SKU-0013,Lenovo_Unknown_Unk_Unk_Unk,Motherboard,34.84,18.4,53
SKU-0013,Lenovo_Unknown_Unk_Unk_Unk,Display Panel,63.31,51.4,7
SKU-0013,Lenovo_Unknown_Unk_Unk_Unk,Battery,8.96,22.9,7
SKU-0013,Lenovo_Unknown_Unk_Unk_Unk,RAM Module,14.27,44.9,41
SKU-0013,Lenovo_Unknown_Unk_Unk_Unk,Storage (SSD/HDD),21.57,41.8,12
SKU-0013,Lenovo_Unknown_Unk_Unk_Unk,Keyboard/Chassis,11.29,13.9,12
SKU-0013,Lenovo_Unknown_Unk_Unk_Unk,Power Adapter,9.07,27.7,7
SKU-0014,Dell_i5_16GB_512GB_14-16in,Motherboard,57.36,20.0,34
SKU-0014,Dell_i5_16GB_512GB_14-16in,Display Panel,113.69,61.3,35
SKU-0014,Dell_i5_16GB_512GB_14-16in,Battery,13.89,22.6,5
SKU-0014,Dell_i5_16GB_512GB_14-16in,RAM Module,20.28,41.0,31
SKU-0014,Dell_i5_16GB_512GB_14-16in,Storage (SSD/HDD),24.22,34.2,53
SKU-0014,Dell_i5_16GB_512GB_14-16in,Keyboard/Chassis,17.43,15.7,31
SKU-0014,Dell_i5_16GB_512GB_14-16in,Power Adapter,13.62,27.4,43
SKU-0015,Dell_i5_Unk_2TB_14-16in,Motherboard,47.73,15.5,27
SKU-0015,Dell_i5_Unk_2TB_14-16in,Display Panel,129.46,59.4,11
SKU-0015,Dell_i5_Unk_2TB_14-16in,Battery,16.21,21.4,38
SKU-0015,Dell_i5_Unk_2TB_14-16in,RAM Module,23.43,42.9,34
SKU-0015,Dell_i5_Unk_2TB_14-16in,Storage (SSD/HDD),43.04,43.0,27
SKU-0015,Dell_i5_Unk_2TB_14-16in,Keyboard/Chassis,18.83,15.2,22
SKU-0015,Dell_i5_Unk_2TB_14-16in,Power Adapter,16.72,28.0,51
SKU-0016,Dell_i5_Unk_128GB_12-14in,Motherboard,48.6,20.5,33
SKU-0016,Dell_i5_Unk_128GB_12-14in,Display Panel,119.94,76.7,55
SKU-0016,Dell_i5_Unk_128GB_12-14in,Battery,9.72,20.3,23
SKU-0016,Dell_i5_Unk_128GB_12-14in,RAM Module,20.09,48.9,47
SKU-0016,Dell_i5_Unk_128GB_12-14in,Storage (SSD/HDD),32.58,46.0,7
SKU-0016,Dell_i5_Unk_128GB_12-14in,Keyboard/Chassis,15.2,15.9,49
SKU-0016,Dell_i5_Unk_128GB_12-14in,Power Adapter,9.41,25.9,40
SKU-0017,Dell_i7_16GB_2TB_14-16in,Motherboard,62.35,19.1,7
SKU-0017,Dell_i7_16GB_2TB_14-16in,Display Panel,156.54,67.6,47
SKU-0017,Dell_i7_16GB_2TB_14-16in,Battery,18.57,22.7,27
SKU-0017,Dell_i7_16GB_2TB_14-16in,RAM Module,30.66,47.8,21
SKU-0017,Dell_i7_16GB_2TB_14-16in,Storage (SSD/HDD),43.32,39.1,28
SKU-0017,Dell_i7_16GB_2TB_14-16in,Keyboard/Chassis,19.74,13.9,52
SKU-0017,Dell_i7_16GB_2TB_14-16in,Power Adapter,13.83,22.1,43
SKU-0018,Lenovo_i5_Unk_512GB_14-16in,Motherboard,40.71,17.9,27
SKU-0018,Lenovo_i5_Unk_512GB_14-16in,Display Panel,124.24,74.5,46
SKU-0018,Lenovo_i5_Unk_512GB_14-16in,Battery,11.7,18.9,18
SKU-0018,Lenovo_i5_Unk_512GB_14-16in,RAM Module,16.7,39.2,37
SKU-0018,Lenovo_i5_Unk_512GB_14-16in,Storage (SSD/HDD),26.41,36.0,51
SKU-0018,Lenovo_i5_Unk_512GB_14-16in,Keyboard/Chassis,16.02,15.6,56
SKU-0018,Lenovo_i5_Unk_512GB_14-16in,Power Adapter,11.63,28.1,12
SKU-0019,Lenovo_i5_8GB_512GB_14-16in,Motherboard,40.24,16.8,30
SKU-0019,Lenovo_i5_8GB_512GB_14-16in,Display Panel,106.08,65.9,30
SKU-0019,Lenovo_i5_8GB_512GB_14-16in,Battery,11.92,22.9,56
SKU-0019,Lenovo_i5_8GB_512GB_14-16in,RAM Module,16.93,43.8,15
SKU-0019,Lenovo_i5_8GB_512GB_14-16in,Storage (SSD/HDD),33.1,44.9,8
SKU-0019,Lenovo_i5_8GB_512GB_14-16in,Keyboard/Chassis,16.81,15.5,4
SKU-0019,Lenovo_i5_8GB_512GB_14-16in,Power Adapter,9.93,25.4,7
SKU-0020,Lenovo_i5_Unk_128GB_14-16in,Motherboard,37.91,16.1,23
SKU-0020,Lenovo_i5_Unk_128GB_14-16in,Display Panel,93.22,61.9,51
SKU-0020,Lenovo_i5_Unk_128GB_14-16in,Battery,10.86,19.5,3
SKU-0020,Lenovo_i5_Unk_128GB_14-16in,RAM Module,16.81,47.6,7
SKU-0020,Lenovo_i5_Unk_128GB_14-16in,Storage (SSD/HDD),29.19,40.7,39
SKU-0020,Lenovo_i5_Unk_128GB_14-16in,Keyboard/Chassis,13.83,14.5,23
SKU-0020,Lenovo_i5_Unk_128GB_14-16in,Power Adapter,11.0,28.4,15
SKU-0021,HP_Unknown_Unk_Unk_Unk,Motherboard,31.97,16.8,41
SKU-0021,HP_Unknown_Unk_Unk_Unk,Display Panel,93.53,77.2,52
SKU-0021,HP_Unknown_Unk_Unk_Unk,Battery,9.3,20.4,32
SKU-0021,HP_Unknown_Unk_Unk_Unk,RAM Module,15.11,44.7,25
SKU-0021,HP_Unknown_Unk_Unk_Unk,Storage (SSD/HDD),23.73,42.4,53
SKU-0021,HP_Unknown_Unk_Unk_Unk,Keyboard/Chassis,13.85,17.2,52
SKU-0021,HP_Unknown_Unk_Unk_Unk,Power Adapter,7.97,24.5,36
SKU-0022,Lenovo_celeron_4GB_32GB_Sub-12in,Motherboard,23.97,18.7,53
SKU-0022,Lenovo_celeron_4GB_32GB_Sub-12in,Display Panel,48.72,59.7,19
SKU-0022,Lenovo_celeron_4GB_32GB_Sub-12in,Battery,5.64,19.8,36
SKU-0022,Lenovo_celeron_4GB_32GB_Sub-12in,RAM Module,9.01,41.1,45
SKU-0022,Lenovo_celeron_4GB_32GB_Sub-12in,Storage (SSD/HDD),12.01,35.5,57
SKU-0022,Lenovo_celeron_4GB_32GB_Sub-12in,Keyboard/Chassis,8.08,15.9,6
SKU-0022,Lenovo_celeron_4GB_32GB_Sub-12in,Power Adapter,5.61,28.0,5
SKU-0023,Acer_Unknown_Unk_Unk_Unk,Motherboard,36.39,19.7,20
SKU-0023,Acer_Unknown_Unk_Unk_Unk,Display Panel,72.76,65.0,3
SKU-0023,Acer_Unknown_Unk_Unk_Unk,Battery,9.61,22.4,51
SKU-0023,Acer_Unknown_Unk_Unk_Unk,RAM Module,12.4,38.8,59
SKU-0023,Acer_Unknown_Unk_Unk_Unk,Storage (SSD/HDD),21.27,40.1,45
SKU-0023,Acer_Unknown_Unk_Unk_Unk,Keyboard/Chassis,11.31,14.0,3
SKU-0023,Acer_Unknown_Unk_Unk_Unk,Power Adapter,8.38,28.6,49
SKU-0024,HP_celeron_4GB_32GB_Sub-12in,Motherboard,22.1,17.8,47
SKU-0024,HP_celeron_4GB_32GB_Sub-12in,Display Panel,37.96,53.0,5
SKU-0024,HP_celeron_4GB_32GB_Sub-12in,Battery,6.22,20.2,47
SKU-0024,HP_celeron_4GB_32GB_Sub-12in,RAM Module,10.02,43.6,27
SKU-0024,HP_celeron_4GB_32GB_Sub-12in,Storage (SSD/HDD),15.25,40.8,19
SKU-0024,HP_celeron_4GB_32GB_Sub-12in,Keyboard/Chassis,6.26,13.3,19
SKU-0024,HP_celeron_4GB_32GB_Sub-12in,Power Adapter,4.96,23.9,43
SKU-0025,Dell_i5_16GB_2TB_14-16in,Motherboard,56.3,19.3,51
SKU-0025,Dell_i5_16GB_2TB_14-16in,Display Panel,85.97,45.3,54
SKU-0025,Dell_i5_16GB_2TB_14-16in,Battery,13.39,19.1,47
SKU-0025,Dell_i5_16GB_2TB_14-16in,RAM Module,18.95,38.4,23
SKU-0025,Dell_i5_16GB_2TB_14-16in,Storage (SSD/HDD),28.45,35.9,13
SKU-0025,Dell_i5_16GB_2TB_14-16in,Keyboard/Chassis,14.22,13.0,11
SKU-0025,Dell_i5_16GB_2TB_14-16in,Power Adapter,11.37,24.3,38
SKU-0026,Dell_i5_8GB_512GB_14-16in,Motherboard,37.54,15.3,56
SKU-0026,Dell_i5_8GB_512GB_14-16in,Display Panel,112.34,75.5,59
SKU-0026,Dell_i5_8GB_512GB_14-16in,Battery,11.81,19.9,47
SKU-0026,Dell_i5_8GB_512GB_14-16in,RAM Module,19.15,42.6,21
SKU-0026,Dell_i5_8GB_512GB_14-16in,Storage (SSD/HDD),26.99,40.4,3
SKU-0026,Dell_i5_8GB_512GB_14-16in,Keyboard/Chassis,15.66,15.4,13
SKU-0026,Dell_i5_8GB_512GB_14-16in,Power Adapter,11.91,25.7,8
SKU-0027,Lenovo_i5_8GB_256GB_14-16in,Motherboard,35.34,17.0,4
SKU-0027,Lenovo_i5_8GB_256GB_14-16in,Display Panel,56.4,41.7,11
SKU-0027,Lenovo_i5_8GB_256GB_14-16in,Battery,10.65,19.5,32
SKU-0027,Lenovo_i5_8GB_256GB_14-16in,RAM Module,17.89,48.3,52
SKU-0027,Lenovo_i5_8GB_256GB_14-16in,Storage (SSD/HDD),28.07,45.3,14
SKU-0027,Lenovo_i5_8GB_256GB_14-16in,Keyboard/Chassis,14.64,16.0,31
SKU-0027,Lenovo_i5_8GB_256GB_14-16in,Power Adapter,8.5,22.8,32
SKU-0028,Microsoft_i5_8GB_256GB_12-14in,Motherboard,43.74,20.2,27
SKU-0028,Microsoft_i5_8GB_256GB_12-14in,Display Panel,88.14,55.4,41
SKU-0028,Microsoft_i5_8GB_256GB_12-14in,Battery,11.61,20.7,35
SKU-0028,Microsoft_i5_8GB_256GB_12-14in,RAM Module,17.53,41.4,35
SKU-0028,Microsoft_i5_8GB_256GB_12-14in,Storage (SSD/HDD),22.89,34.8,42
SKU-0028,Microsoft_i5_8GB_256GB_12-14in,Keyboard/Chassis,16.4,17.0,9
SKU-0028,Microsoft_i5_8GB_256GB_12-14in,Power Adapter,9.5,22.5,49
SKU-0029,Lenovo_i7_16GB_512GB_14-16in,Motherboard,57.56,16.1,35
SKU-0029,Lenovo_i7_16GB_512GB_14-16in,Display Panel,121.71,54.5,6
SKU-0029,Lenovo_i7_16GB_512GB_14-16in,Battery,17.63,22.3,35
SKU-0029,Lenovo_i7_16GB_512GB_14-16in,RAM Module,23.37,43.4,47
SKU-0029,Lenovo_i7_16GB_512GB_14-16in,Storage (SSD/HDD),39.34,43.6,7
SKU-0029,Lenovo_i7_16GB_512GB_14-16in,Keyboard/Chassis,22.05,16.2,29
SKU-0029,Lenovo_i7_16GB_512GB_14-16in,Power Adapter,15.22,25.3,45
SKU-0030,Asus_Unknown_Unk_Unk_Unk,Motherboard,32.61,16.5,25
SKU-0030,Asus_Unknown_Unk_Unk_Unk,Display Panel,72.65,62.5,15
SKU-0030,Asus_Unknown_Unk_Unk_Unk,Battery,7.31,18.5,42
SKU-0030,Asus_Unknown_Unk_Unk_Unk,RAM Module,15.75,45.9,6
SKU-0030,Asus_Unknown_Unk_Unk_Unk,Storage (SSD/HDD),23.55,41.8,51
SKU-0030,Asus_Unknown_Unk_Unk_Unk,Keyboard/Chassis,11.12,14.7,31
SKU-0030,Asus_Unknown_Unk_Unk_Unk,Power Adapter,8.27,28.1,3
SKU-0031,HP_i5_16GB_512GB_14-16in,Motherboard,57.1,20.3,56
SKU-0031,HP_i5_16GB_512GB_14-16in,Display Panel,123.71,72.3,11
SKU-0031,HP_i5_16GB_512GB_14-16in,Battery,14.11,21.7,28
SKU-0031,HP_i5_16GB_512GB_14-16in,RAM Module,20.45,45.5,13
SKU-0031,HP_i5_16GB_512GB_14-16in,Storage (SSD/HDD),33.44,39.8,29
SKU-0031,HP_i5_16GB_512GB_14-16in,Keyboard/Chassis,15.9,14.8,53
SKU-0031,HP_i5_16GB_512GB_14-16in,Power Adapter,9.93,22.5,55
SKU-0032,HP_i5_8GB_512GB_14-16in,Motherboard,37.82,15.4,23
SKU-0032,HP_i5_8GB_512GB_14-16in,Display Panel,86.58,55.2,22
SKU-0032,HP_i5_8GB_512GB_14-16in,Battery,12.85,23.0,51
SKU-0032,HP_i5_8GB_512GB_14-16in,RAM Module,17.85,43.6,53
SKU-0032,HP_i5_8GB_512GB_14-16in,Storage (SSD/HDD),24.44,36.5,31
SKU-0032,HP_i5_8GB_512GB_14-16in,Keyboard/Chassis,16.83,16.5,21
SKU-0032,HP_i5_8GB_512GB_14-16in,Power Adapter,9.58,24.6,4
SKU-0033,Other/Unbranded_pentium_Unk_Unk_14-16in,Motherboard,23.9,15.9,10
SKU-0033,Other/Unbranded_pentium_Unk_Unk_14-16in,Display Panel,59.7,57.2,12
SKU-0033,Other/Unbranded_pentium_Unk_Unk_14-16in,Battery,8.33,21.8,57
SKU-0033,Other/Unbranded_pentium_Unk_Unk_14-16in,RAM Module,11.64,47.1,3
SKU-0033,Other/Unbranded_pentium_Unk_Unk_14-16in,Storage (SSD/HDD),16.27,36.4,10
SKU-0033,Other/Unbranded_pentium_Unk_Unk_14-16in,Keyboard/Chassis,7.76,13.6,35
SKU-0033,Other/Unbranded_pentium_Unk_Unk_14-16in,Power Adapter,7.33,27.3,26
SKU-0034,Lenovo_i5_16GB_512GB_14-16in,Motherboard,53.08,18.9,23
SKU-0034,Lenovo_i5_16GB_512GB_14-16in,Display Panel,103.53,61.9,12
SKU-0034,Lenovo_i5_16GB_512GB_14-16in,Battery,9.78,17.2,21
SKU-0034,Lenovo_i5_16GB_512GB_14-16in,RAM Module,23.77,50.3,49
SKU-0034,Lenovo_i5_16GB_512GB_14-16in,Storage (SSD/HDD),34.86,43.9,5
SKU-0034,Lenovo_i5_16GB_512GB_14-16in,Keyboard/Chassis,17.23,15.6,40
SKU-0034,Lenovo_i5_16GB_512GB_14-16in,Power Adapter,13.58,27.7,37
SKU-0035,Dell_celeron_4GB_32GB_Sub-12in,Motherboard,20.15,17.9,48
SKU-0035,Dell_celeron_4GB_32GB_Sub-12in,Display Panel,52.76,67.6,19
SKU-0035,Dell_celeron_4GB_32GB_Sub-12in,Battery,5.66,20.8,41
SKU-0035,Dell_celeron_4GB_32GB_Sub-12in,RAM Module,8.87,43.9,28
SKU-0035,Dell_celeron_4GB_32GB_Sub-12in,Storage (SSD/HDD),13.38,37.3,13
SKU-0035,Dell_celeron_4GB_32GB_Sub-12in,Keyboard/Chassis,8.72,16.4,43
SKU-0035,Dell_celeron_4GB_32GB_Sub-12in,Power Adapter,5.33,26.1,14
SKU-0036,Lenovo_i5_Unk_1TB_14-16in,Motherboard,45.85,20.0,42
SKU-0036,Lenovo_i5_Unk_1TB_14-16in,Display Panel,68.84,45.3,12
SKU-0036,Lenovo_i5_Unk_1TB_14-16in,Battery,12.16,19.3,48
SKU-0036,Lenovo_i5_Unk_1TB_14-16in,RAM Module,19.12,48.2,53
SKU-0036,Lenovo_i5_Unk_1TB_14-16in,Storage (SSD/HDD),23.23,34.8,13
SKU-0036,Lenovo_i5_Unk_1TB_14-16in,Keyboard/Chassis,15.6,16.0,41
SKU-0036,Lenovo_i5_Unk_1TB_14-16in,Power Adapter,10.79,24.2,26
SKU-0037,Other/Unbranded_i3_Unk_256GB_12-14in,Motherboard,29.45,16.7,37
SKU-0037,Other/Unbranded_i3_Unk_256GB_12-14in,Display Panel,98.37,76.1,45
SKU-0037,Other/Unbranded_i3_Unk_256GB_12-14in,Battery,7.49,17.6,11
SKU-0037,Other/Unbranded_i3_Unk_256GB_12-14in,RAM Module,15.31,47.8,42
SKU-0037,Other/Unbranded_i3_Unk_256GB_12-14in,Storage (SSD/HDD),23.77,43.8,39
SKU-0037,Other/Unbranded_i3_Unk_256GB_12-14in,Keyboard/Chassis,8.88,12.8,14
SKU-0037,Other/Unbranded_i3_Unk_256GB_12-14in,Power Adapter,9.01,28.1,19
SKU-0038,Dell_i7_32GB_2TB_14-16in,Motherboard,84.49,20.0,10
SKU-0038,Dell_i7_32GB_2TB_14-16in,Display Panel,186.79,62.3,18
SKU-0038,Dell_i7_32GB_2TB_14-16in,Battery,22.58,19.9,17
SKU-0038,Dell_i7_32GB_2TB_14-16in,RAM Module,39.08,47.3,34
SKU-0038,Dell_i7_32GB_2TB_14-16in,Storage (SSD/HDD),49.97,36.2,23
SKU-0038,Dell_i7_32GB_2TB_14-16in,Keyboard/Chassis,24.56,13.3,9
SKU-0038,Dell_i7_32GB_2TB_14-16in,Power Adapter,21.76,28.5,25
SKU-0039,Other/Unbranded_i5_8GB_512GB_12-14in,Motherboard,37.76,18.1,41
SKU-0039,Other/Unbranded_i5_8GB_512GB_12-14in,Display Panel,83.24,61.9,47
SKU-0039,Other/Unbranded_i5_8GB_512GB_12-14in,Battery,9.37,19.0,57
SKU-0039,Other/Unbranded_i5_8GB_512GB_12-14in,RAM Module,19.46,49.1,6
SKU-0039,Other/Unbranded_i5_8GB_512GB_12-14in,Storage (SSD/HDD),29.58,41.5,18
SKU-0039,Other/Unbranded_i5_8GB_512GB_12-14in,Keyboard/Chassis,13.57,14.6,37
SKU-0039,Other/Unbranded_i5_8GB_512GB_12-14in,Power Adapter,12.07,27.8,15
SKU-0040,Lenovo_i7_16GB_2TB_14-16in,Motherboard,50.98,15.6,51
SKU-0040,Lenovo_i7_16GB_2TB_14-16in,Display Panel,171.92,75.8,58
SKU-0040,Lenovo_i7_16GB_2TB_14-16in,Battery,14.13,17.6,41
SKU-0040,Lenovo_i7_16GB_2TB_14-16in,RAM Module,24.27,38.3,47
SKU-0040,Lenovo_i7_16GB_2TB_14-16in,Storage (SSD/HDD),38.39,37.6,39
SKU-0040,Lenovo_i7_16GB_2TB_14-16in,Keyboard/Chassis,23.0,17.2,11
SKU-0040,Lenovo_i7_16GB_2TB_14-16in,Power Adapter,12.91,22.2,39
SKU-0041,Other/Unbranded_i5_Unk_256GB_12-14in,Motherboard,45.7,20.4,13
SKU-0041,Other/Unbranded_i5_Unk_256GB_12-14in,Display Panel,81.56,51.2,6
SKU-0041,Other/Unbranded_i5_Unk_256GB_12-14in,Battery,10.6,20.9,55
SKU-0041,Other/Unbranded_i5_Unk_256GB_12-14in,RAM Module,16.67,38.9,59
SKU-0041,Other/Unbranded_i5_Unk_256GB_12-14in,Storage (SSD/HDD),27.45,43.4,8
SKU-0041,Other/Unbranded_i5_Unk_256GB_12-14in,Keyboard/Chassis,13.62,13.7,11
SKU-0041,Other/Unbranded_i5_Unk_256GB_12-14in,Power Adapter,9.86,22.6,44
SKU-0042,Lenovo_i3_Unk_128GB_12-14in,Motherboard,35.39,17.8,15
SKU-0042,Lenovo_i3_Unk_128GB_12-14in,Display Panel,67.9,61.4,16
SKU-0042,Lenovo_i3_Unk_128GB_12-14in,Battery,8.81,19.3,30
SKU-0042,Lenovo_i3_Unk_128GB_12-14in,RAM Module,15.82,49.8,44
SKU-0042,Lenovo_i3_Unk_128GB_12-14in,Storage (SSD/HDD),22.93,40.6,36
SKU-0042,Lenovo_i3_Unk_128GB_12-14in,Keyboard/Chassis,10.16,13.9,7
SKU-0042,Lenovo_i3_Unk_128GB_12-14in,Power Adapter,8.28,28.5,50
SKU-0043,Microsoft_i5_8GB_512GB_12-14in,Motherboard,46.3,17.9,31
SKU-0043,Microsoft_i5_8GB_512GB_12-14in,Display Panel,83.87,49.6,42
SKU-0043,Microsoft_i5_8GB_512GB_12-14in,Battery,12.85,22.3,21
SKU-0043,Microsoft_i5_8GB_512GB_12-14in,RAM Module,18.5,40.4,50
SKU-0043,Microsoft_i5_8GB_512GB_12-14in,Storage (SSD/HDD),31.39,42.4,44
SKU-0043,Microsoft_i5_8GB_512GB_12-14in,Keyboard/Chassis,12.47,13.6,7
SKU-0043,Microsoft_i5_8GB_512GB_12-14in,Power Adapter,9.87,21.5,25
SKU-0044,Other/Unbranded_i5_Unk_256GB_14-16in,Motherboard,32.96,15.3,4
SKU-0044,Other/Unbranded_i5_Unk_256GB_14-16in,Display Panel,93.21,59.3,34
SKU-0044,Other/Unbranded_i5_Unk_256GB_14-16in,Battery,10.02,20.4,42
SKU-0044,Other/Unbranded_i5_Unk_256GB_14-16in,RAM Module,17.41,45.5,37
SKU-0044,Other/Unbranded_i5_Unk_256GB_14-16in,Storage (SSD/HDD),21.21,34.2,43
SKU-0044,Other/Unbranded_i5_Unk_256GB_14-16in,Keyboard/Chassis,15.99,15.6,32
SKU-0044,Other/Unbranded_i5_Unk_256GB_14-16in,Power Adapter,9.55,22.6,38
SKU-0045,HP_i7_16GB_512GB_14-16in,Motherboard,63.4,18.4,3
SKU-0045,HP_i7_16GB_512GB_14-16in,Display Panel,116.49,59.7,16
SKU-0045,HP_i7_16GB_512GB_14-16in,Battery,18.32,21.5,37
SKU-0045,HP_i7_16GB_512GB_14-16in,RAM Module,23.26,39.1,35
SKU-0045,HP_i7_16GB_512GB_14-16in,Storage (SSD/HDD),40.55,43.2,25
SKU-0045,HP_i7_16GB_512GB_14-16in,Keyboard/Chassis,23.18,17.2,19
SKU-0045,HP_i7_16GB_512GB_14-16in,Power Adapter,13.54,25.2,31
SKU-0046,HP_i5_8GB_256GB_14-16in,Motherboard,39.39,18.8,29
SKU-0046,HP_i5_8GB_256GB_14-16in,Display Panel,70.52,44.4,31
SKU-0046,HP_i5_8GB_256GB_14-16in,Battery,12.18,20.8,8
SKU-0046,HP_i5_8GB_256GB_14-16in,RAM Module,18.04,42.5,40
SKU-0046,HP_i5_8GB_256GB_14-16in,Storage (SSD/HDD),21.88,34.4,27
SKU-0046,HP_i5_8GB_256GB_14-16in,Keyboard/Chassis,14.63,14.9,29
SKU-0046,HP_i5_8GB_256GB_14-16in,Power Adapter,12.27,27.8,55
SKU-0047,Dell_i5_Unk_Unk_14-16in,Motherboard,45.08,19.6,46
SKU-0047,Dell_i5_Unk_Unk_14-16in,Display Panel,81.4,60.7,48
SKU-0047,Dell_i5_Unk_Unk_14-16in,Battery,11.0,20.6,46
SKU-0047,Dell_i5_Unk_Unk_14-16in,RAM Module,15.82,41.3,24
SKU-0047,Dell_i5_Unk_Unk_14-16in,Storage (SSD/HDD),29.8,43.6,13
SKU-0047,Dell_i5_Unk_Unk_14-16in,Keyboard/Chassis,15.28,14.8,32
SKU-0047,Dell_i5_Unk_Unk_14-16in,Power Adapter,10.19,25.8,34
SKU-0048,Dell_i5_16GB_256GB_14-16in,Motherboard,50.15,19.2,53
SKU-0048,Dell_i5_16GB_256GB_14-16in,Display Panel,110.75,77.6,34
SKU-0048,Dell_i5_16GB_256GB_14-16in,Battery,9.32,18.3,35
SKU-0048,Dell_i5_16GB_256GB_14-16in,RAM Module,18.26,42.7,4
SKU-0048,Dell_i5_16GB_256GB_14-16in,Storage (SSD/HDD),24.82,35.0,15
SKU-0048,Dell_i5_16GB_256GB_14-16in,Keyboard/Chassis,12.01,13.3,41
SKU-0048,Dell_i5_16GB_256GB_14-16in,Power Adapter,10.89,27.4,44
SKU-0049,Dell_i7_16GB_1TB_14-16in,Motherboard,56.74,15.5,8
SKU-0049,Dell_i7_16GB_1TB_14-16in,Display Panel,106.64,45.2,14
SKU-0049,Dell_i7_16GB_1TB_14-16in,Battery,19.63,21.8,49
SKU-0049,Dell_i7_16GB_1TB_14-16in,RAM Module,33.62,50.3,6
SKU-0049,Dell_i7_16GB_1TB_14-16in,Storage (SSD/HDD),42.52,39.8,43
SKU-0049,Dell_i7_16GB_1TB_14-16in,Keyboard/Chassis,21.9,16.0,14
SKU-0049,Dell_i7_16GB_1TB_14-16in,Power Adapter,16.6,27.8,21
SKU-0050,Dell_i5_8GB_256GB_12-14in,Motherboard,40.46,18.9,53
SKU-0050,Dell_i5_8GB_256GB_12-14in,Display Panel,79.44,57.6,39
SKU-0050,Dell_i5_8GB_256GB_12-14in,Battery,12.36,20.9,12
SKU-0050,Dell_i5_8GB_256GB_12-14in,RAM Module,17.37,43.9,17
SKU-0050,Dell_i5_8GB_256GB_12-14in,Storage (SSD/HDD),28.41,44.4,33
SKU-0050,Dell_i5_8GB_256GB_12-14in,Keyboard/Chassis,14.44,15.6,30
SKU-0050,Dell_i5_8GB_256GB_12-14in,Power Adapter,8.49,21.6,51
SKU-0051,Lenovo_i3_Unk_1TB_14-16in,Motherboard,37.69,18.6,17
SKU-0051,Lenovo_i3_Unk_1TB_14-16in,Display Panel,91.31,58.4,53
SKU-0051,Lenovo_i3_Unk_1TB_14-16in,Battery,9.72,19.3,20
SKU-0051,Lenovo_i3_Unk_1TB_14-16in,RAM Module,16.21,40.0,10
SKU-0051,Lenovo_i3_Unk_1TB_14-16in,Storage (SSD/HDD),26.85,41.6,16
SKU-0051,Lenovo_i3_Unk_1TB_14-16in,Keyboard/Chassis,16.73,16.6,47
SKU-0051,Lenovo_i3_Unk_1TB_14-16in,Power Adapter,9.47,24.3,16
SKU-0052,Dell_i7_Unk_Unk_14-16in,Motherboard,52.57,17.4,59
SKU-0052,Dell_i7_Unk_Unk_14-16in,Display Panel,89.51,47.6,3
SKU-0052,Dell_i7_Unk_Unk_14-16in,Battery,16.78,22.8,49
SKU-0052,Dell_i7_Unk_Unk_14-16in,RAM Module,21.91,44.2,18
SKU-0052,Dell_i7_Unk_Unk_14-16in,Storage (SSD/HDD),38.45,43.9,3
SKU-0052,Dell_i7_Unk_Unk_14-16in,Keyboard/Chassis,20.55,17.0,59
SKU-0052,Dell_i7_Unk_Unk_14-16in,Power Adapter,10.5,21.5,39
SKU-0053,Lenovo_i5_Unk_256GB_12-14in,Motherboard,42.59,17.7,49
SKU-0053,Lenovo_i5_Unk_256GB_12-14in,Display Panel,85.3,53.9,52
SKU-0053,Lenovo_i5_Unk_256GB_12-14in,Battery,10.82,18.4,28
SKU-0053,Lenovo_i5_Unk_256GB_12-14in,RAM Module,16.21,44.4,55
SKU-0053,Lenovo_i5_Unk_256GB_12-14in,Storage (SSD/HDD),25.21,41.0,14
SKU-0053,Lenovo_i5_Unk_256GB_12-14in,Keyboard/Chassis,14.91,17.1,45
SKU-0053,Lenovo_i5_Unk_256GB_12-14in,Power Adapter,10.35,28.5,41
SKU-0054,Dell_i7_16GB_512GB_12-14in,Motherboard,53.24,16.1,47
SKU-0054,Dell_i7_16GB_512GB_12-14in,Display Panel,128.86,64.7,10
SKU-0054,Dell_i7_16GB_512GB_12-14in,Battery,17.92,21.0,34
SKU-0054,Dell_i7_16GB_512GB_12-14in,RAM Module,23.09,41.7,3
SKU-0054,Dell_i7_16GB_512GB_12-14in,Storage (SSD/HDD),43.92,42.2,52
SKU-0054,Dell_i7_16GB_512GB_12-14in,Keyboard/Chassis,21.5,16.6,51
SKU-0054,Dell_i7_16GB_512GB_12-14in,Power Adapter,13.99,26.4,35
SKU-0055,Lenovo_i5_16GB_256GB_14-16in,Motherboard,49.08,18.4,30
SKU-0055,Lenovo_i5_16GB_256GB_14-16in,Display Panel,104.47,69.2,35
SKU-0055,Lenovo_i5_16GB_256GB_14-16in,Battery,12.55,21.7,15
SKU-0055,Lenovo_i5_16GB_256GB_14-16in,RAM Module,19.89,47.0,40
SKU-0055,Lenovo_i5_16GB_256GB_14-16in,Storage (SSD/HDD),31.07,43.7,20
SKU-0055,Lenovo_i5_16GB_256GB_14-16in,Keyboard/Chassis,18.52,16.7,3
SKU-0055,Lenovo_i5_16GB_256GB_14-16in,Power Adapter,8.7,21.3,17
SKU-0056,HP_i3_8GB_512GB_14-16in,Motherboard,37.23,18.3,35
SKU-0056,HP_i3_8GB_512GB_14-16in,Display Panel,71.55,58.1,28
SKU-0056,HP_i3_8GB_512GB_14-16in,Battery,10.05,20.9,4
SKU-0056,HP_i3_8GB_512GB_14-16in,RAM Module,17.56,49.9,50
SKU-0056,HP_i3_8GB_512GB_14-16in,Storage (SSD/HDD),27.67,43.8,27
SKU-0056,HP_i3_8GB_512GB_14-16in,Keyboard/Chassis,12.43,15.4,46
SKU-0056,HP_i3_8GB_512GB_14-16in,Power Adapter,8.96,25.4,48
SKU-0057,Dell_i5_Unk_512GB_Sub-12in,Motherboard,33.19,15.3,49
SKU-0057,Dell_i5_Unk_512GB_Sub-12in,Display Panel,109.48,77.1,53
SKU-0057,Dell_i5_Unk_512GB_Sub-12in,Battery,9.84,19.1,36
SKU-0057,Dell_i5_Unk_512GB_Sub-12in,RAM Module,17.91,45.3,48
SKU-0057,Dell_i5_Unk_512GB_Sub-12in,Storage (SSD/HDD),27.49,40.5,18
SKU-0057,Dell_i5_Unk_512GB_Sub-12in,Keyboard/Chassis,13.16,14.5,15
SKU-0057,Dell_i5_Unk_512GB_Sub-12in,Power Adapter,9.41,22.6,33
SKU-0058,Other/Unbranded_i5_Unk_128GB_14-16in,Motherboard,40.71,19.6,44
SKU-0058,Other/Unbranded_i5_Unk_128GB_14-16in,Display Panel,93.87,60.4,56
SKU-0058,Other/Unbranded_i5_Unk_128GB_14-16in,Battery,10.96,20.8,15
SKU-0058,Other/Unbranded_i5_Unk_128GB_14-16in,RAM Module,20.04,50.2,11
SKU-0058,Other/Unbranded_i5_Unk_128GB_14-16in,Storage (SSD/HDD),24.92,36.1,59
SKU-0058,Other/Unbranded_i5_Unk_128GB_14-16in,Keyboard/Chassis,13.94,14.3,28
SKU-0058,Other/Unbranded_i5_Unk_128GB_14-16in,Power Adapter,9.94,26.7,38
SKU-0059,Acer_celeron_4GB_32GB_Sub-12in,Motherboard,19.74,17.7,52
SKU-0059,Acer_celeron_4GB_32GB_Sub-12in,Display Panel,52.74,72.2,35
SKU-0059,Acer_celeron_4GB_32GB_Sub-12in,Battery,4.61,17.1,17
SKU-0059,Acer_celeron_4GB_32GB_Sub-12in,RAM Module,9.5,46.9,11
SKU-0059,Acer_celeron_4GB_32GB_Sub-12in,Storage (SSD/HDD),13.96,40.0,4
SKU-0059,Acer_celeron_4GB_32GB_Sub-12in,Keyboard/Chassis,7.54,15.8,44
SKU-0059,Acer_celeron_4GB_32GB_Sub-12in,Power Adapter,5.57,26.4,41
SKU-0060,Acer_celeron_4GB_64GB_Sub-12in,Motherboard,25.35,20.2,47
SKU-0060,Acer_celeron_4GB_64GB_Sub-12in,Display Panel,56.69,77.8,5
SKU-0060,Acer_celeron_4GB_64GB_Sub-12in,Battery,5.42,19.1,41
SKU-0060,Acer_celeron_4GB_64GB_Sub-12in,RAM Module,7.77,39.2,7
SKU-0060,Acer_celeron_4GB_64GB_Sub-12in,Storage (SSD/HDD),12.33,37.3,10
SKU-0060,Acer_celeron_4GB_64GB_Sub-12in,Keyboard/Chassis,7.41,14.2,5
SKU-0060,Acer_celeron_4GB_64GB_Sub-12in,Power Adapter,4.9,24.1,40
SKU-0061,Other/Unbranded_i3_Unk_128GB_12-14in,Motherboard,32.87,18.3,38
SKU-0061,Other/Unbranded_i3_Unk_128GB_12-14in,Display Panel,92.05,72.0,57
SKU-0061,Other/Unbranded_i3_Unk_128GB_12-14in,Battery,8.44,19.7,18
SKU-0061,Other/Unbranded_i3_Unk_128GB_12-14in,RAM Module,14.8,51.5,5
SKU-0061,Other/Unbranded_i3_Unk_128GB_12-14in,Storage (SSD/HDD),22.41,38.8,42
SKU-0061,Other/Unbranded_i3_Unk_128GB_12-14in,Keyboard/Chassis,10.91,16.2,3
SKU-0061,Other/Unbranded_i3_Unk_128GB_12-14in,Power Adapter,8.83,25.9,20
SKU-0062,Lenovo_i5_16GB_2TB_14-16in,Motherboard,46.12,16.2,16
SKU-0062,Lenovo_i5_16GB_2TB_14-16in,Display Panel,112.57,67.6,43
SKU-0062,Lenovo_i5_16GB_2TB_14-16in,Battery,12.21,20.3,13
SKU-0062,Lenovo_i5_16GB_2TB_14-16in,RAM Module,26.71,51.0,20
SKU-0062,Lenovo_i5_16GB_2TB_14-16in,Storage (SSD/HDD),32.89,40.0,24
SKU-0062,Lenovo_i5_16GB_2TB_14-16in,Keyboard/Chassis,17.44,15.0,51
SKU-0062,Lenovo_i5_16GB_2TB_14-16in,Power Adapter,10.94,24.1,26
SKU-0063,HP_i7_8GB_512GB_14-16in,Motherboard,56.63,19.7,17
SKU-0063,HP_i7_8GB_512GB_14-16in,Display Panel,138.53,70.5,20
SKU-0063,HP_i7_8GB_512GB_14-16in,Battery,17.97,22.6,4
SKU-0063,HP_i7_8GB_512GB_14-16in,RAM Module,25.67,50.7,16
SKU-0063,HP_i7_8GB_512GB_14-16in,Storage (SSD/HDD),37.18,44.0,54
SKU-0063,HP_i7_8GB_512GB_14-16in,Keyboard/Chassis,17.1,13.4,55
SKU-0063,HP_i7_8GB_512GB_14-16in,Power Adapter,12.63,25.0,17
SKU-0064,Dell_i5_Unk_512GB_12-14in,Motherboard,44.61,17.0,16
SKU-0064,Dell_i5_Unk_512GB_12-14in,Display Panel,113.56,68.0,34
SKU-0064,Dell_i5_Unk_512GB_12-14in,Battery,11.13,20.9,21
SKU-0064,Dell_i5_Unk_512GB_12-14in,RAM Module,16.89,40.8,27
SKU-0064,Dell_i5_Unk_512GB_12-14in,Storage (SSD/HDD),22.33,34.7,58
SKU-0064,Dell_i5_Unk_512GB_12-14in,Keyboard/Chassis,12.8,13.5,23
SKU-0064,Dell_i5_Unk_512GB_12-14in,Power Adapter,8.61,22.0,18
SKU-0065,Dell_i5_8GB_Unk_14-16in,Motherboard,38.96,16.6,54
SKU-0065,Dell_i5_8GB_Unk_14-16in,Display Panel,97.07,70.2,52
SKU-0065,Dell_i5_8GB_Unk_14-16in,Battery,9.81,19.7,37
SKU-0065,Dell_i5_8GB_Unk_14-16in,RAM Module,19.4,49.4,39
SKU-0065,Dell_i5_8GB_Unk_14-16in,Storage (SSD/HDD),24.32,37.0,29
SKU-0065,Dell_i5_8GB_Unk_14-16in,Keyboard/Chassis,14.26,15.4,25
SKU-0065,Dell_i5_8GB_Unk_14-16in,Power Adapter,8.57,22.9,23
SKU-0066,HP_i5_Unk_Unk_14-16in,Motherboard,33.3,15.5,19
SKU-0066,HP_i5_Unk_Unk_14-16in,Display Panel,85.92,63.0,54
SKU-0066,HP_i5_Unk_Unk_14-16in,Battery,9.13,17.8,36
SKU-0066,HP_i5_Unk_Unk_14-16in,RAM Module,17.4,44.7,43
SKU-0066,HP_i5_Unk_Unk_14-16in,Storage (SSD/HDD),26.61,38.7,44
SKU-0066,HP_i5_Unk_Unk_14-16in,Keyboard/Chassis,16.55,16.3,11
SKU-0066,HP_i5_Unk_Unk_14-16in,Power Adapter,9.57,21.8,35
SKU-0067,Dell_i5_16GB_1TB_14-16in,Motherboard,58.25,18.7,36
SKU-0067,Dell_i5_16GB_1TB_14-16in,Display Panel,77.3,42.4,19
SKU-0067,Dell_i5_16GB_1TB_14-16in,Battery,11.09,17.9,34
SKU-0067,Dell_i5_16GB_1TB_14-16in,RAM Module,21.73,38.9,10
SKU-0067,Dell_i5_16GB_1TB_14-16in,Storage (SSD/HDD),27.14,34.9,26
SKU-0067,Dell_i5_16GB_1TB_14-16in,Keyboard/Chassis,16.4,15.0,42
SKU-0067,Dell_i5_16GB_1TB_14-16in,Power Adapter,11.8,23.9,17
SKU-0068,Other/Unbranded_celeron_8GB_512GB_14-16in,Motherboard,27.84,18.3,56
SKU-0068,Other/Unbranded_celeron_8GB_512GB_14-16in,Display Panel,62.66,58.7,34
SKU-0068,Other/Unbranded_celeron_8GB_512GB_14-16in,Battery,8.02,21.7,42
SKU-0068,Other/Unbranded_celeron_8GB_512GB_14-16in,RAM Module,11.62,41.0,51
SKU-0068,Other/Unbranded_celeron_8GB_512GB_14-16in,Storage (SSD/HDD),15.25,34.8,27
SKU-0068,Other/Unbranded_celeron_8GB_512GB_14-16in,Keyboard/Chassis,11.1,17.1,23
SKU-0068,Other/Unbranded_celeron_8GB_512GB_14-16in,Power Adapter,5.65,22.1,15
SKU-0069,Dell_celeron_4GB_256GB_Sub-12in,Motherboard,22.56,16.0,17
SKU-0069,Dell_celeron_4GB_256GB_Sub-12in,Display Panel,46.89,59.2,42
SKU-0069,Dell_celeron_4GB_256GB_Sub-12in,Battery,6.38,20.7,24
SKU-0069,Dell_celeron_4GB_256GB_Sub-12in,RAM Module,10.6,47.4,53
SKU-0069,Dell_celeron_4GB_256GB_Sub-12in,Storage (SSD/HDD),15.73,37.4,34
SKU-0069,Dell_celeron_4GB_256GB_Sub-12in,Keyboard/Chassis,7.32,13.9,49
SKU-0069,Dell_celeron_4GB_256GB_Sub-12in,Power Adapter,5.5,24.7,10
SKU-0070,Dell_i5_8GB_512GB_12-14in,Motherboard,38.46,17.0,24
SKU-0070,Dell_i5_8GB_512GB_12-14in,Display Panel,91.43,53.3,20
SKU-0070,Dell_i5_8GB_512GB_12-14in,Battery,9.22,17.6,52
SKU-0070,Dell_i5_8GB_512GB_12-14in,RAM Module,19.94,49.6,15
SKU-0070,Dell_i5_8GB_512GB_12-14in,Storage (SSD/HDD),29.97,42.9,5
SKU-0070,Dell_i5_8GB_512GB_12-14in,Keyboard/Chassis,15.09,15.8,41
SKU-0070,Dell_i5_8GB_512GB_12-14in,Power Adapter,10.61,24.5,10
SKU-0071,Lenovo_i5_32GB_2TB_14-16in,Motherboard,68.82,20.7,42
SKU-0071,Lenovo_i5_32GB_2TB_14-16in,Display Panel,100.83,47.4,27
SKU-0071,Lenovo_i5_32GB_2TB_14-16in,Battery,17.25,20.7,29
SKU-0071,Lenovo_i5_32GB_2TB_14-16in,RAM Module,29.17,45.5,38
SKU-0071,Lenovo_i5_32GB_2TB_14-16in,Storage (SSD/HDD),31.93,34.4,19
SKU-0071,Lenovo_i5_32GB_2TB_14-16in,Keyboard/Chassis,21.08,16.2,22
SKU-0071,Lenovo_i5_32GB_2TB_14-16in,Power Adapter,14.02,23.5,58
SKU-0072,HP_i7_16GB_2TB_14-16in,Motherboard,68.12,19.5,56
SKU-0072,HP_i7_16GB_2TB_14-16in,Display Panel,111.94,47.5,42
SKU-0072,HP_i7_16GB_2TB_14-16in,Battery,14.17,18.0,59
SKU-0072,HP_i7_16GB_2TB_14-16in,RAM Module,30.9,50.1,31
SKU-0072,HP_i7_16GB_2TB_14-16in,Storage (SSD/HDD),44.34,41.0,57
SKU-0072,HP_i7_16GB_2TB_14-16in,Keyboard/Chassis,22.83,14.9,32
SKU-0072,HP_i7_16GB_2TB_14-16in,Power Adapter,18.34,27.4,51
SKU-0073,Dell_i7_16GB_2TB_12-14in,Motherboard,76.53,20.6,55
SKU-0073,Dell_i7_16GB_2TB_12-14in,Display Panel,118.93,48.6,38
SKU-0073,Dell_i7_16GB_2TB_12-14in,Battery,14.31,18.4,54
SKU-0073,Dell_i7_16GB_2TB_12-14in,RAM Module,27.98,48.6,59
SKU-0073,Dell_i7_16GB_2TB_12-14in,Storage (SSD/HDD),44.68,39.1,6
SKU-0073,Dell_i7_16GB_2TB_12-14in,Keyboard/Chassis,23.24,15.8,49
SKU-0073,Dell_i7_16GB_2TB_12-14in,Power Adapter,17.18,25.5,18
SKU-0074,Lenovo_i3_8GB_256GB_14-16in,Motherboard,39.31,19.1,32
SKU-0074,Lenovo_i3_8GB_256GB_14-16in,Display Panel,80.73,62.3,47
SKU-0074,Lenovo_i3_8GB_256GB_14-16in,Battery,10.32,22.1,28
SKU-0074,Lenovo_i3_8GB_256GB_14-16in,RAM Module,14.53,40.8,51
SKU-0074,Lenovo_i3_8GB_256GB_14-16in,Storage (SSD/HDD),23.17,42.5,28
SKU-0074,Lenovo_i3_8GB_256GB_14-16in,Keyboard/Chassis,10.63,15.0,3
SKU-0074,Lenovo_i3_8GB_256GB_14-16in,Power Adapter,7.6,21.7,48
SKU-0075,Dell_i5_4GB_256GB_14-16in,Motherboard,46.71,20.5,32
SKU-0075,Dell_i5_4GB_256GB_14-16in,Display Panel,56.66,42.2,9
SKU-0075,Dell_i5_4GB_256GB_14-16in,Battery,8.97,18.5,18
SKU-0075,Dell_i5_4GB_256GB_14-16in,RAM Module,18.53,49.7,8
SKU-0075,Dell_i5_4GB_256GB_14-16in,Storage (SSD/HDD),20.04,34.4,22
SKU-0075,Dell_i5_4GB_256GB_14-16in,Keyboard/Chassis,13.08,14.3,52
SKU-0075,Dell_i5_4GB_256GB_14-16in,Power Adapter,10.53,28.0,20
SKU-0076,Lenovo_i3_Unk_256GB_14-16in,Motherboard,30.25,17.4,28
SKU-0076,Lenovo_i3_Unk_256GB_14-16in,Display Panel,78.54,65.7,23
SKU-0076,Lenovo_i3_Unk_256GB_14-16in,Battery,7.65,18.2,26
SKU-0076,Lenovo_i3_Unk_256GB_14-16in,RAM Module,16.36,51.0,14
SKU-0076,Lenovo_i3_Unk_256GB_14-16in,Storage (SSD/HDD),19.18,35.8,6
SKU-0076,Lenovo_i3_Unk_256GB_14-16in,Keyboard/Chassis,12.02,15.8,35
SKU-0076,Lenovo_i3_Unk_256GB_14-16in,Power Adapter,9.22,27.7,45
SKU-0077,Other/Unbranded_i5_Unk_512GB_14-16in,Motherboard,43.1,17.8,3
SKU-0077,Other/Unbranded_i5_Unk_512GB_14-16in,Display Panel,106.4,69.5,59
SKU-0077,Other/Unbranded_i5_Unk_512GB_14-16in,Battery,11.39,19.5,41
SKU-0077,Other/Unbranded_i5_Unk_512GB_14-16in,RAM Module,19.32,45.2,12
SKU-0077,Other/Unbranded_i5_Unk_512GB_14-16in,Storage (SSD/HDD),30.94,40.0,34
SKU-0077,Other/Unbranded_i5_Unk_512GB_14-16in,Keyboard/Chassis,13.36,14.2,48
SKU-0077,Other/Unbranded_i5_Unk_512GB_14-16in,Power Adapter,9.88,22.2,17
SKU-0078,Other/Unbranded_i7_Unk_256GB_14-16in,Motherboard,57.75,20.6,28
SKU-0078,Other/Unbranded_i7_Unk_256GB_14-16in,Display Panel,121.01,62.5,5
SKU-0078,Other/Unbranded_i7_Unk_256GB_14-16in,Battery,15.06,20.0,8
SKU-0078,Other/Unbranded_i7_Unk_256GB_14-16in,RAM Module,22.17,43.6,45
SKU-0078,Other/Unbranded_i7_Unk_256GB_14-16in,Storage (SSD/HDD),33.42,36.4,12
SKU-0078,Other/Unbranded_i7_Unk_256GB_14-16in,Keyboard/Chassis,18.13,16.2,39
SKU-0078,Other/Unbranded_i7_Unk_256GB_14-16in,Power Adapter,12.97,24.2,50
SKU-0079,Dell_i5_8GB_2TB_14-16in,Motherboard,42.93,16.2,18
SKU-0079,Dell_i5_8GB_2TB_14-16in,Display Panel,104.89,56.5,42
SKU-0079,Dell_i5_8GB_2TB_14-16in,Battery,10.85,17.2,10
SKU-0079,Dell_i5_8GB_2TB_14-16in,RAM Module,20.54,40.3,6
SKU-0079,Dell_i5_8GB_2TB_14-16in,Storage (SSD/HDD),36.97,44.3,11
SKU-0079,Dell_i5_8GB_2TB_14-16in,Keyboard/Chassis,20.0,17.1,47
SKU-0079,Dell_i5_8GB_2TB_14-16in,Power Adapter,13.48,26.0,6
SKU-0080,Lenovo_celeron_4GB_64GB_Sub-12in,Motherboard,24.09,19.0,5
SKU-0080,Lenovo_celeron_4GB_64GB_Sub-12in,Display Panel,66.47,83.1,7
SKU-0080,Lenovo_celeron_4GB_64GB_Sub-12in,Battery,5.95,18.8,40
SKU-0080,Lenovo_celeron_4GB_64GB_Sub-12in,RAM Module,9.29,42.5,13
SKU-0080,Lenovo_celeron_4GB_64GB_Sub-12in,Storage (SSD/HDD),14.76,37.8,26
SKU-0080,Lenovo_celeron_4GB_64GB_Sub-12in,Keyboard/Chassis,7.23,14.3,28
SKU-0080,Lenovo_celeron_4GB_64GB_Sub-12in,Power Adapter,4.51,21.9,35
SKU-0081,Dell_i5_16GB_512GB_12-14in,Motherboard,49.3,19.3,59
SKU-0081,Dell_i5_16GB_512GB_12-14in,Display Panel,88.84,52.8,46
SKU-0081,Dell_i5_16GB_512GB_12-14in,Battery,12.82,20.8,22
SKU-0081,Dell_i5_16GB_512GB_12-14in,RAM Module,20.7,42.5,58
SKU-0081,Dell_i5_16GB_512GB_12-14in,Storage (SSD/HDD),31.37,44.3,3
SKU-0081,Dell_i5_16GB_512GB_12-14in,Keyboard/Chassis,18.06,15.6,6
SKU-0081,Dell_i5_16GB_512GB_12-14in,Power Adapter,11.97,24.0,23
SKU-0082,Dell_i7_8GB_512GB_14-16in,Motherboard,61.81,20.0,41
SKU-0082,Dell_i7_8GB_512GB_14-16in,Display Panel,124.82,60.6,53
SKU-0082,Dell_i7_8GB_512GB_14-16in,Battery,15.57,20.4,29
SKU-0082,Dell_i7_8GB_512GB_14-16in,RAM Module,21.37,41.3,55
SKU-0082,Dell_i7_8GB_512GB_14-16in,Storage (SSD/HDD),40.68,45.7,16
SKU-0082,Dell_i7_8GB_512GB_14-16in,Keyboard/Chassis,17.95,14.6,16
SKU-0082,Dell_i7_8GB_512GB_14-16in,Power Adapter,15.88,27.7,21
SKU-0083,HP_Unknown_Unk_Unk_14-16in,Motherboard,38.78,20.6,16
SKU-0083,HP_Unknown_Unk_Unk_14-16in,Display Panel,93.91,76.7,21
SKU-0083,HP_Unknown_Unk_Unk_14-16in,Battery,9.7,21.2,38
SKU-0083,HP_Unknown_Unk_Unk_14-16in,RAM Module,11.28,38.4,58
SKU-0083,HP_Unknown_Unk_Unk_14-16in,Storage (SSD/HDD),17.78,34.9,43
SKU-0083,HP_Unknown_Unk_Unk_14-16in,Keyboard/Chassis,9.3,13.0,6
SKU-0083,HP_Unknown_Unk_Unk_14-16in,Power Adapter,8.14,23.7,24
SKU-0084,Acer_celeron_4GB_16GB_Sub-12in,Motherboard,21.63,19.6,32
SKU-0084,Acer_celeron_4GB_16GB_Sub-12in,Display Panel,42.2,54.9,23
SKU-0084,Acer_celeron_4GB_16GB_Sub-12in,Battery,6.26,22.0,5
SKU-0084,Acer_celeron_4GB_16GB_Sub-12in,RAM Module,9.61,45.3,11
SKU-0084,Acer_celeron_4GB_16GB_Sub-12in,Storage (SSD/HDD),16.3,44.5,3
SKU-0084,Acer_celeron_4GB_16GB_Sub-12in,Keyboard/Chassis,5.88,13.1,56
SKU-0084,Acer_celeron_4GB_16GB_Sub-12in,Power Adapter,5.42,25.8,28
SKU-0085,Dell_i7_8GB_512GB_12-14in,Motherboard,66.14,19.6,53
SKU-0085,Dell_i7_8GB_512GB_12-14in,Display Panel,83.91,44.2,24
SKU-0085,Dell_i7_8GB_512GB_12-14in,Battery,14.33,18.6,26
SKU-0085,Dell_i7_8GB_512GB_12-14in,RAM Module,25.14,45.1,25
SKU-0085,Dell_i7_8GB_512GB_12-14in,Storage (SSD/HDD),30.39,34.0,14
SKU-0085,Dell_i7_8GB_512GB_12-14in,Keyboard/Chassis,17.96,13.8,44
SKU-0085,Dell_i7_8GB_512GB_12-14in,Power Adapter,14.89,24.9,42
SKU-0086,Lenovo_i5_8GB_256GB_12-14in,Motherboard,40.69,18.2,51
SKU-0086,Lenovo_i5_8GB_256GB_12-14in,Display Panel,65.94,50.3,35
SKU-0086,Lenovo_i5_8GB_256GB_12-14in,Battery,10.44,20.4,44
SKU-0086,Lenovo_i5_8GB_256GB_12-14in,RAM Module,16.58,43.6,39
SKU-0086,Lenovo_i5_8GB_256GB_12-14in,Storage (SSD/HDD),25.55,40.4,41
SKU-0086,Lenovo_i5_8GB_256GB_12-14in,Keyboard/Chassis,14.84,15.8,48
SKU-0086,Lenovo_i5_8GB_256GB_12-14in,Power Adapter,10.15,23.3,3
SKU-0087,Other/Unbranded_Unknown_Unk_Unk_Sub-12in,Motherboard,32.54,16.7,50
SKU-0087,Other/Unbranded_Unknown_Unk_Unk_Sub-12in,Display Panel,85.4,76.0,7
SKU-0087,Other/Unbranded_Unknown_Unk_Unk_Sub-12in,Battery,6.63,17.3,47
SKU-0087,Other/Unbranded_Unknown_Unk_Unk_Sub-12in,RAM Module,17.02,50.0,20
SKU-0087,Other/Unbranded_Unknown_Unk_Unk_Sub-12in,Storage (SSD/HDD),19.41,39.5,20
SKU-0087,Other/Unbranded_Unknown_Unk_Unk_Sub-12in,Keyboard/Chassis,10.41,15.2,51
SKU-0087,Other/Unbranded_Unknown_Unk_Unk_Sub-12in,Power Adapter,6.98,23.9,41
SKU-0088,Other/Unbranded_i5_Unk_1TB_14-16in,Motherboard,50.37,18.5,16
SKU-0088,Other/Unbranded_i5_Unk_1TB_14-16in,Display Panel,117.1,66.6,30
SKU-0088,Other/Unbranded_i5_Unk_1TB_14-16in,Battery,12.45,21.4,31
SKU-0088,Other/Unbranded_i5_Unk_1TB_14-16in,RAM Module,17.14,40.2,19
SKU-0088,Other/Unbranded_i5_Unk_1TB_14-16in,Storage (SSD/HDD),31.85,39.4,57
SKU-0088,Other/Unbranded_i5_Unk_1TB_14-16in,Keyboard/Chassis,14.71,13.3,51
SKU-0088,Other/Unbranded_i5_Unk_1TB_14-16in,Power Adapter,12.06,27.4,40
SKU-0089,Other/Unbranded_i3_Unk_128GB_14-16in,Motherboard,29.96,16.8,55
SKU-0089,Other/Unbranded_i3_Unk_128GB_14-16in,Display Panel,75.81,60.4,34
SKU-0089,Other/Unbranded_i3_Unk_128GB_14-16in,Battery,10.19,22.5,25
SKU-0089,Other/Unbranded_i3_Unk_128GB_14-16in,RAM Module,13.32,43.3,59
SKU-0089,Other/Unbranded_i3_Unk_128GB_14-16in,Storage (SSD/HDD),19.41,40.3,36
SKU-0089,Other/Unbranded_i3_Unk_128GB_14-16in,Keyboard/Chassis,9.32,13.4,58
SKU-0089,Other/Unbranded_i3_Unk_128GB_14-16in,Power Adapter,7.99,23.8,12
SKU-0090,Other/Unbranded_i5_Unk_Unk_12-14in,Motherboard,38.73,17.5,51
SKU-0090,Other/Unbranded_i5_Unk_Unk_12-14in,Display Panel,88.08,64.7,50
SKU-0090,Other/Unbranded_i5_Unk_Unk_12-14in,Battery,10.0,19.7,6
SKU-0090,Other/Unbranded_i5_Unk_Unk_12-14in,RAM Module,15.55,41.3,26
SKU-0090,Other/Unbranded_i5_Unk_Unk_12-14in,Storage (SSD/HDD),25.98,38.6,29
SKU-0090,Other/Unbranded_i5_Unk_Unk_12-14in,Keyboard/Chassis,12.94,14.6,53
SKU-0090,Other/Unbranded_i5_Unk_Unk_12-14in,Power Adapter,9.02,24.7,32
SKU-0091,Other/Unbranded_i5_16GB_512GB_14-16in,Motherboard,45.93,17.9,8
SKU-0091,Other/Unbranded_i5_16GB_512GB_14-16in,Display Panel,139.52,80.2,15
SKU-0091,Other/Unbranded_i5_16GB_512GB_14-16in,Battery,10.89,17.2,34
SKU-0091,Other/Unbranded_i5_16GB_512GB_14-16in,RAM Module,18.14,40.3,51
SKU-0091,Other/Unbranded_i5_16GB_512GB_14-16in,Storage (SSD/HDD),28.85,37.0,25
SKU-0091,Other/Unbranded_i5_16GB_512GB_14-16in,Keyboard/Chassis,14.9,13.9,53
SKU-0091,Other/Unbranded_i5_16GB_512GB_14-16in,Power Adapter,11.44,26.3,23
SKU-0092,Dell_Unknown_Unk_Unk_Unk,Motherboard,28.25,16.1,37
SKU-0092,Dell_Unknown_Unk_Unk_Unk,Display Panel,61.33,56.3,19
SKU-0092,Dell_Unknown_Unk_Unk_Unk,Battery,8.47,19.0,26
SKU-0092,Dell_Unknown_Unk_Unk_Unk,RAM Module,14.26,43.6,30
SKU-0092,Dell_Unknown_Unk_Unk_Unk,Storage (SSD/HDD),25.59,44.9,29
SKU-0092,Dell_Unknown_Unk_Unk_Unk,Keyboard/Chassis,12.26,15.2,14
SKU-0092,Dell_Unknown_Unk_Unk_Unk,Power Adapter,7.36,25.4,7
SKU-0093,Lenovo_i5_Unk_128GB_12-14in,Motherboard,38.38,16.1,21
SKU-0093,Lenovo_i5_Unk_128GB_12-14in,Display Panel,82.4,57.3,8
SKU-0093,Lenovo_i5_Unk_128GB_12-14in,Battery,9.93,18.7,35
SKU-0093,Lenovo_i5_Unk_128GB_12-14in,RAM Module,18.38,46.4,59
SKU-0093,Lenovo_i5_Unk_128GB_12-14in,Storage (SSD/HDD),28.34,44.7,29
SKU-0093,Lenovo_i5_Unk_128GB_12-14in,Keyboard/Chassis,14.51,16.2,6
SKU-0093,Lenovo_i5_Unk_128GB_12-14in,Power Adapter,11.92,28.7,10
SKU-0094,Samsung_celeron_4GB_32GB_Sub-12in,Motherboard,20.24,15.6,40
SKU-0094,Samsung_celeron_4GB_32GB_Sub-12in,Display Panel,49.58,66.4,33
SKU-0094,Samsung_celeron_4GB_32GB_Sub-12in,Battery,6.75,22.6,24
SKU-0094,Samsung_celeron_4GB_32GB_Sub-12in,RAM Module,8.97,40.1,23
SKU-0094,Samsung_celeron_4GB_32GB_Sub-12in,Storage (SSD/HDD),12.93,37.3,58
SKU-0094,Samsung_celeron_4GB_32GB_Sub-12in,Keyboard/Chassis,8.64,17.2,52
SKU-0094,Samsung_celeron_4GB_32GB_Sub-12in,Power Adapter,5.21,23.5,9
SKU-0095,Dell_celeron_4GB_64GB_Sub-12in,Motherboard,19.31,15.3,10
SKU-0095,Dell_celeron_4GB_64GB_Sub-12in,Display Panel,50.05,59.7,38
SKU-0095,Dell_celeron_4GB_64GB_Sub-12in,Battery,5.84,19.4,36
SKU-0095,Dell_celeron_4GB_64GB_Sub-12in,RAM Module,8.68,43.7,40
SKU-0095,Dell_celeron_4GB_64GB_Sub-12in,Storage (SSD/HDD),14.46,41.6,15
SKU-0095,Dell_celeron_4GB_64GB_Sub-12in,Keyboard/Chassis,9.38,17.0,40
SKU-0095,Dell_celeron_4GB_64GB_Sub-12in,Power Adapter,5.21,25.0,44
SKU-0096,HP_celeron_4GB_32GB_14-16in,Motherboard,21.17,18.9,33
SKU-0096,HP_celeron_4GB_32GB_14-16in,Display Panel,47.84,64.8,16
SKU-0096,HP_celeron_4GB_32GB_14-16in,Battery,4.51,17.1,41
SKU-0096,HP_celeron_4GB_32GB_14-16in,RAM Module,9.93,46.9,55
SKU-0096,HP_celeron_4GB_32GB_14-16in,Storage (SSD/HDD),12.54,39.0,27
SKU-0096,HP_celeron_4GB_32GB_14-16in,Keyboard/Chassis,6.88,15.0,12
SKU-0096,HP_celeron_4GB_32GB_14-16in,Power Adapter,4.72,21.8,34
SKU-0097,HP_i5_8GB_128GB_14-16in,Motherboard,35.54,16.9,32
SKU-0097,HP_i5_8GB_128GB_14-16in,Display Panel,92.05,63.8,20
SKU-0097,HP_i5_8GB_128GB_14-16in,Battery,11.42,22.3,58
SKU-0097,HP_i5_8GB_128GB_14-16in,RAM Module,19.46,48.4,17
SKU-0097,HP_i5_8GB_128GB_14-16in,Storage (SSD/HDD),26.1,43.4,20
SKU-0097,HP_i5_8GB_128GB_14-16in,Keyboard/Chassis,11.36,13.0,52
SKU-0097,HP_i5_8GB_128GB_14-16in,Power Adapter,11.02,28.3,31
SKU-0098,Dell_i5_32GB_2TB_14-16in,Motherboard,61.68,20.0,6
SKU-0098,Dell_i5_32GB_2TB_14-16in,Display Panel,155.93,68.4,51
SKU-0098,Dell_i5_32GB_2TB_14-16in,Battery,16.13,21.1,19
SKU-0098,Dell_i5_32GB_2TB_14-16in,RAM Module,26.52,43.5,29
SKU-0098,Dell_i5_32GB_2TB_14-16in,Storage (SSD/HDD),37.38,35.7,23
SKU-0098,Dell_i5_32GB_2TB_14-16in,Keyboard/Chassis,24.45,17.1,46
SKU-0098,Dell_i5_32GB_2TB_14-16in,Power Adapter,15.4,28.3,11
SKU-0099,Samsung_celeron_4GB_32GB_14-16in,Motherboard,21.47,17.2,50
SKU-0099,Samsung_celeron_4GB_32GB_14-16in,Display Panel,52.15,68.0,50
SKU-0099,Samsung_celeron_4GB_32GB_14-16in,Battery,5.16,19.2,9
SKU-0099,Samsung_celeron_4GB_32GB_14-16in,RAM Module,11.12,49.3,33
SKU-0099,Samsung_celeron_4GB_32GB_14-16in,Storage (SSD/HDD),16.54,44.4,56
SKU-0099,Samsung_celeron_4GB_32GB_14-16in,Keyboard/Chassis,8.49,15.8,47
SKU-0099,Samsung_celeron_4GB_32GB_14-16in,Power Adapter,5.48,28.2,38
SKU-0100,Dell_i7_8GB_256GB_14-16in,Motherboard,58.6,19.2,56
SKU-0100,Dell_i7_8GB_256GB_14-16in,Display Panel,91.64,47.0,15
SKU-0100,Dell_i7_8GB_256GB_14-16in,Battery,12.79,20.1,46
SKU-0100,Dell_i7_8GB_256GB_14-16in,RAM Module,19.99,41.5,40
SKU-0100,Dell_i7_8GB_256GB_14-16in,Storage (SSD/HDD),29.96,35.5,12
SKU-0100,Dell_i7_8GB_256GB_14-16in,Keyboard/Chassis,15.72,14.2,14
SKU-0100,Dell_i7_8GB_256GB_14-16in,Power Adapter,13.17,24.7,38
SKU-0101,HP_celeron_4GB_128GB_14-16in,Motherboard,22.18,16.7,19
SKU-0101,HP_celeron_4GB_128GB_14-16in,Display Panel,41.42,50.5,55
SKU-0101,HP_celeron_4GB_128GB_14-16in,Battery,5.22,19.2,39
SKU-0101,HP_celeron_4GB_128GB_14-16in,RAM Module,8.96,42.2,35
SKU-0101,HP_celeron_4GB_128GB_14-16in,Storage (SSD/HDD),16.22,41.7,14
SKU-0101,HP_celeron_4GB_128GB_14-16in,Keyboard/Chassis,7.35,15.7,9
SKU-0101,HP_celeron_4GB_128GB_14-16in,Power Adapter,6.09,25.4,10
SKU-0102,HP_celeron_4GB_16GB_Sub-12in,Motherboard,20.19,16.9,5
SKU-0102,HP_celeron_4GB_16GB_Sub-12in,Display Panel,57.27,70.5,15
SKU-0102,HP_celeron_4GB_16GB_Sub-12in,Battery,5.15,17.3,28
SKU-0102,HP_celeron_4GB_16GB_Sub-12in,RAM Module,10.6,45.4,22
SKU-0102,HP_celeron_4GB_16GB_Sub-12in,Storage (SSD/HDD),12.48,34.9,43
SKU-0102,HP_celeron_4GB_16GB_Sub-12in,Keyboard/Chassis,7.24,15.5,59
SKU-0102,HP_celeron_4GB_16GB_Sub-12in,Power Adapter,5.58,25.6,13
SKU-0103,Dell_i7_32GB_2TB_16in+,Motherboard,94.41,18.8,3
SKU-0103,Dell_i7_32GB_2TB_16in+,Display Panel,166.0,57.0,59
SKU-0103,Dell_i7_32GB_2TB_16in+,Battery,20.5,17.4,51
SKU-0103,Dell_i7_32GB_2TB_16in+,RAM Module,36.85,41.4,58
SKU-0103,Dell_i7_32GB_2TB_16in+,Storage (SSD/HDD),51.15,40.4,17
SKU-0103,Dell_i7_32GB_2TB_16in+,Keyboard/Chassis,31.75,17.1,8
SKU-0103,Dell_i7_32GB_2TB_16in+,Power Adapter,19.33,24.7,12
SKU-0104,Dell_i5_8GB_16GB_14-16in,Motherboard,39.13,17.9,47
SKU-0104,Dell_i5_8GB_16GB_14-16in,Display Panel,85.46,67.2,15
SKU-0104,Dell_i5_8GB_16GB_14-16in,Battery,10.73,21.0,43
SKU-0104,Dell_i5_8GB_16GB_14-16in,RAM Module,18.51,51.7,28
SKU-0104,Dell_i5_8GB_16GB_14-16in,Storage (SSD/HDD),25.2,39.5,20
SKU-0104,Dell_i5_8GB_16GB_14-16in,Keyboard/Chassis,14.13,15.6,28
SKU-0104,Dell_i5_8GB_16GB_14-16in,Power Adapter,9.19,26.7,36
SKU-0105,Dell_celeron_4GB_128GB_Sub-12in,Motherboard,23.95,17.4,44
SKU-0105,Dell_celeron_4GB_128GB_Sub-12in,Display Panel,42.68,52.5,3
SKU-0105,Dell_celeron_4GB_128GB_Sub-12in,Battery,6.71,22.8,52
SKU-0105,Dell_celeron_4GB_128GB_Sub-12in,RAM Module,9.02,38.4,12
SKU-0105,Dell_celeron_4GB_128GB_Sub-12in,Storage (SSD/HDD),15.93,40.6,45
SKU-0105,Dell_celeron_4GB_128GB_Sub-12in,Keyboard/Chassis,6.43,13.6,57
SKU-0105,Dell_celeron_4GB_128GB_Sub-12in,Power Adapter,5.71,24.5,59
SKU-0106,Dell_Other/Unspecified_Unk_Unk_14-16in,Motherboard,26.23,16.1,57
SKU-0106,Dell_Other/Unspecified_Unk_Unk_14-16in,Display Panel,78.72,62.0,31
SKU-0106,Dell_Other/Unspecified_Unk_Unk_14-16in,Battery,7.43,17.5,32
SKU-0106,Dell_Other/Unspecified_Unk_Unk_14-16in,RAM Module,15.93,46.0,16
SKU-0106,Dell_Other/Unspecified_Unk_Unk_14-16in,Storage (SSD/HDD),21.05,38.6,55
SKU-0106,Dell_Other/Unspecified_Unk_Unk_14-16in,Keyboard/Chassis,10.0,13.8,28
SKU-0106,Dell_Other/Unspecified_Unk_Unk_14-16in,Power Adapter,8.65,25.0,13
SKU-0107,Lenovo_celeron_Unk_256GB_14-16in,Motherboard,29.61,19.0,43
SKU-0107,Lenovo_celeron_Unk_256GB_14-16in,Display Panel,51.27,50.9,53
SKU-0107,Lenovo_celeron_Unk_256GB_14-16in,Battery,7.28,22.0,47
SKU-0107,Lenovo_celeron_Unk_256GB_14-16in,RAM Module,12.47,51.0,42
SKU-0107,Lenovo_celeron_Unk_256GB_14-16in,Storage (SSD/HDD),18.07,43.9,22
SKU-0107,Lenovo_celeron_Unk_256GB_14-16in,Keyboard/Chassis,9.05,15.4,43
SKU-0107,Lenovo_celeron_Unk_256GB_14-16in,Power Adapter,5.2,21.5,48
SKU-0108,Other/Unbranded_i5_Unk_512GB_12-14in,Motherboard,45.71,17.5,26
SKU-0108,Other/Unbranded_i5_Unk_512GB_12-14in,Display Panel,83.23,50.3,31
SKU-0108,Other/Unbranded_i5_Unk_512GB_12-14in,Battery,10.66,17.9,59
SKU-0108,Other/Unbranded_i5_Unk_512GB_12-14in,RAM Module,17.75,42.2,47
SKU-0108,Other/Unbranded_i5_Unk_512GB_12-14in,Storage (SSD/HDD),27.68,43.2,59
SKU-0108,Other/Unbranded_i5_Unk_512GB_12-14in,Keyboard/Chassis,14.49,14.4,59
SKU-0108,Other/Unbranded_i5_Unk_512GB_12-14in,Power Adapter,10.9,23.5,22
SKU-0109,Dell_Unknown_Unk_Unk_14-16in,Motherboard,31.24,16.5,38
SKU-0109,Dell_Unknown_Unk_Unk_14-16in,Display Panel,54.03,44.0,52
SKU-0109,Dell_Unknown_Unk_Unk_14-16in,Battery,8.5,18.5,53
SKU-0109,Dell_Unknown_Unk_Unk_14-16in,RAM Module,15.07,50.4,56
SKU-0109,Dell_Unknown_Unk_Unk_14-16in,Storage (SSD/HDD),22.52,43.1,56
SKU-0109,Dell_Unknown_Unk_Unk_14-16in,Keyboard/Chassis,9.94,13.1,33
SKU-0109,Dell_Unknown_Unk_Unk_14-16in,Power Adapter,7.82,23.3,11
SKU-0110,Lenovo_i7_32GB_2TB_14-16in,Motherboard,87.21,20.4,49
SKU-0110,Lenovo_i7_32GB_2TB_14-16in,Display Panel,162.73,56.2,3
SKU-0110,Lenovo_i7_32GB_2TB_14-16in,Battery,23.98,22.8,26
SKU-0110,Lenovo_i7_32GB_2TB_14-16in,RAM Module,27.94,39.6,8
SKU-0110,Lenovo_i7_32GB_2TB_14-16in,Storage (SSD/HDD),58.43,42.7,59
SKU-0110,Lenovo_i7_32GB_2TB_14-16in,Keyboard/Chassis,22.94,13.6,15
SKU-0110,Lenovo_i7_32GB_2TB_14-16in,Power Adapter,15.99,22.4,19
SKU-0111,HP_i5_8GB_1TB_14-16in,Motherboard,48.58,18.0,5
SKU-0111,HP_i5_8GB_1TB_14-16in,Display Panel,111.03,64.6,6
SKU-0111,HP_i5_8GB_1TB_14-16in,Battery,13.48,22.0,42
SKU-0111,HP_i5_8GB_1TB_14-16in,RAM Module,24.72,49.6,57
SKU-0111,HP_i5_8GB_1TB_14-16in,Storage (SSD/HDD),32.52,43.8,59
SKU-0111,HP_i5_8GB_1TB_14-16in,Keyboard/Chassis,16.24,14.7,7
SKU-0111,HP_i5_8GB_1TB_14-16in,Power Adapter,11.1,22.6,37
SKU-0112,Lenovo_i5_8GB_512GB_12-14in,Motherboard,49.28,19.0,46
SKU-0112,Lenovo_i5_8GB_512GB_12-14in,Display Panel,81.44,54.5,39
SKU-0112,Lenovo_i5_8GB_512GB_12-14in,Battery,11.72,22.6,52
SKU-0112,Lenovo_i5_8GB_512GB_12-14in,RAM Module,17.42,38.4,18
SKU-0112,Lenovo_i5_8GB_512GB_12-14in,Storage (SSD/HDD),22.61,34.2,55
SKU-0112,Lenovo_i5_8GB_512GB_12-14in,Keyboard/Chassis,14.79,15.5,35
SKU-0112,Lenovo_i5_8GB_512GB_12-14in,Power Adapter,10.82,25.8,58
SKU-0113,Microsoft_i7_Unk_256GB_12-14in,Motherboard,50.04,17.1,4
SKU-0113,Microsoft_i7_Unk_256GB_12-14in,Display Panel,110.72,61.3,22
SKU-0113,Microsoft_i7_Unk_256GB_12-14in,Battery,13.14,18.2,21
SKU-0113,Microsoft_i7_Unk_256GB_12-14in,RAM Module,28.55,51.6,26
SKU-0113,Microsoft_i7_Unk_256GB_12-14in,Storage (SSD/HDD),38.17,45.8,28
SKU-0113,Microsoft_i7_Unk_256GB_12-14in,Keyboard/Chassis,15.96,13.2,7
SKU-0113,Microsoft_i7_Unk_256GB_12-14in,Power Adapter,13.02,22.7,22
SKU-0114,Acer_pentium_Unk_Unk_14-16in,Motherboard,24.16,16.4,27
SKU-0114,Acer_pentium_Unk_Unk_14-16in,Display Panel,57.32,56.2,40
SKU-0114,Acer_pentium_Unk_Unk_14-16in,Battery,6.77,17.5,31
SKU-0114,Acer_pentium_Unk_Unk_14-16in,RAM Module,12.7,44.1,22
SKU-0114,Acer_pentium_Unk_Unk_14-16in,Storage (SSD/HDD),18.86,41.8,32
SKU-0114,Acer_pentium_Unk_Unk_14-16in,Keyboard/Chassis,9.17,14.4,29
SKU-0114,Acer_pentium_Unk_Unk_14-16in,Power Adapter,7.09,25.8,43
SKU-0115,Dell_i3_4GB_512GB_14-16in,Motherboard,27.11,15.9,27
SKU-0115,Dell_i3_4GB_512GB_14-16in,Display Panel,64.11,56.2,50
SKU-0115,Dell_i3_4GB_512GB_14-16in,Battery,8.35,20.8,32
SKU-0115,Dell_i3_4GB_512GB_14-16in,RAM Module,13.33,38.5,6
SKU-0115,Dell_i3_4GB_512GB_14-16in,Storage (SSD/HDD),27.43,45.3,12
SKU-0115,Dell_i3_4GB_512GB_14-16in,Keyboard/Chassis,10.39,13.6,34
SKU-0115,Dell_i3_4GB_512GB_14-16in,Power Adapter,7.88,25.0,29
SKU-0116,Lenovo_celeron_4GB_16GB_Sub-12in,Motherboard,22.26,17.6,17
SKU-0116,Lenovo_celeron_4GB_16GB_Sub-12in,Display Panel,38.89,46.9,21
SKU-0116,Lenovo_celeron_4GB_16GB_Sub-12in,Battery,6.0,20.8,44
SKU-0116,Lenovo_celeron_4GB_16GB_Sub-12in,RAM Module,10.42,47.1,55
SKU-0116,Lenovo_celeron_4GB_16GB_Sub-12in,Storage (SSD/HDD),13.04,34.2,35
SKU-0116,Lenovo_celeron_4GB_16GB_Sub-12in,Keyboard/Chassis,6.5,13.9,42
SKU-0116,Lenovo_celeron_4GB_16GB_Sub-12in,Power Adapter,4.73,22.9,35
SKU-0117,Dell_celeron_4GB_16GB_Sub-12in,Motherboard,25.75,19.6,21
SKU-0117,Dell_celeron_4GB_16GB_Sub-12in,Display Panel,40.1,51.5,5
SKU-0117,Dell_celeron_4GB_16GB_Sub-12in,Battery,6.21,21.4,48
SKU-0117,Dell_celeron_4GB_16GB_Sub-12in,RAM Module,8.97,44.0,8
SKU-0117,Dell_celeron_4GB_16GB_Sub-12in,Storage (SSD/HDD),16.68,44.4,35
SKU-0117,Dell_celeron_4GB_16GB_Sub-12in,Keyboard/Chassis,8.73,16.3,23
SKU-0117,Dell_celeron_4GB_16GB_Sub-12in,Power Adapter,5.43,26.0,40
SKU-0118,HP_i5_8GB_256GB_12-14in,Motherboard,36.73,15.6,36
SKU-0118,HP_i5_8GB_256GB_12-14in,Display Panel,88.76,60.0,15
SKU-0118,HP_i5_8GB_256GB_12-14in,Battery,8.94,17.3,56
SKU-0118,HP_i5_8GB_256GB_12-14in,RAM Module,15.35,42.0,5
SKU-0118,HP_i5_8GB_256GB_12-14in,Storage (SSD/HDD),24.5,37.1,40
SKU-0118,HP_i5_8GB_256GB_12-14in,Keyboard/Chassis,14.15,16.3,30
SKU-0118,HP_i5_8GB_256GB_12-14in,Power Adapter,11.42,27.4,22
SKU-0119,Lenovo_i5_16GB_1TB_14-16in,Motherboard,46.01,17.7,44
SKU-0119,Lenovo_i5_16GB_1TB_14-16in,Display Panel,124.2,66.1,54
SKU-0119,Lenovo_i5_16GB_1TB_14-16in,Battery,13.34,18.3,57
SKU-0119,Lenovo_i5_16GB_1TB_14-16in,RAM Module,23.86,43.0,44
SKU-0119,Lenovo_i5_16GB_1TB_14-16in,Storage (SSD/HDD),30.59,37.8,11
SKU-0119,Lenovo_i5_16GB_1TB_14-16in,Keyboard/Chassis,15.54,14.3,43
SKU-0119,Lenovo_i5_16GB_1TB_14-16in,Power Adapter,15.0,27.5,25
SKU-0120,Other/Unbranded_i5_8GB_512GB_14-16in,Motherboard,38.83,17.8,25
SKU-0120,Other/Unbranded_i5_8GB_512GB_14-16in,Display Panel,77.27,52.8,25
SKU-0120,Other/Unbranded_i5_8GB_512GB_14-16in,Battery,12.45,22.2,39
SKU-0120,Other/Unbranded_i5_8GB_512GB_14-16in,RAM Module,18.03,40.4,35
SKU-0120,Other/Unbranded_i5_8GB_512GB_14-16in,Storage (SSD/HDD),29.48,42.8,53
SKU-0120,Other/Unbranded_i5_8GB_512GB_14-16in,Keyboard/Chassis,12.46,13.2,38
SKU-0120,Other/Unbranded_i5_8GB_512GB_14-16in,Power Adapter,9.3,23.6,41
SKU-0121,Lenovo_i7_8GB_512GB_14-16in,Motherboard,60.11,20.5,10
SKU-0121,Lenovo_i7_8GB_512GB_14-16in,Display Panel,134.33,61.1,35
SKU-0121,Lenovo_i7_8GB_512GB_14-16in,Battery,15.57,21.2,3
SKU-0121,Lenovo_i7_8GB_512GB_14-16in,RAM Module,23.44,45.6,3
SKU-0121,Lenovo_i7_8GB_512GB_14-16in,Storage (SSD/HDD),33.09,35.4,51
SKU-0121,Lenovo_i7_8GB_512GB_14-16in,Keyboard/Chassis,18.73,14.7,26
SKU-0121,Lenovo_i7_8GB_512GB_14-16in,Power Adapter,13.73,24.2,51
SKU-0122,Other/Unbranded_i5_8GB_256GB_Sub-12in,Motherboard,46.36,18.6,45
SKU-0122,Other/Unbranded_i5_8GB_256GB_Sub-12in,Display Panel,93.81,69.4,55
SKU-0122,Other/Unbranded_i5_8GB_256GB_Sub-12in,Battery,11.33,22.3,56
SKU-0122,Other/Unbranded_i5_8GB_256GB_Sub-12in,RAM Module,20.86,49.5,59
SKU-0122,Other/Unbranded_i5_8GB_256GB_Sub-12in,Storage (SSD/HDD),25.66,35.5,56
SKU-0122,Other/Unbranded_i5_8GB_256GB_Sub-12in,Keyboard/Chassis,13.55,13.6,4
SKU-0122,Other/Unbranded_i5_8GB_256GB_Sub-12in,Power Adapter,8.47,21.4,48
SKU-0123,Other/Unbranded_celeron_4GB_256GB_14-16in,Motherboard,22.51,15.7,24
SKU-0123,Other/Unbranded_celeron_4GB_256GB_14-16in,Display Panel,63.38,74.1,17
SKU-0123,Other/Unbranded_celeron_4GB_256GB_14-16in,Battery,4.96,17.4,4
SKU-0123,Other/Unbranded_celeron_4GB_256GB_14-16in,RAM Module,9.72,41.4,31
SKU-0123,Other/Unbranded_celeron_4GB_256GB_14-16in,Storage (SSD/HDD),14.46,36.6,56
SKU-0123,Other/Unbranded_celeron_4GB_256GB_14-16in,Keyboard/Chassis,9.09,15.9,6
SKU-0123,Other/Unbranded_celeron_4GB_256GB_14-16in,Power Adapter,6.09,26.2,45
