product_family_key,brand,listing_count,avg_market_price_usd,median_market_price_usd,pct_new,pct_used,pct_refurbished,pct_end_of_life,refurb_viability_pct,avg_ram_gb,avg_storage_gb,common_screen_tier,processor_family,sku_id,estimated_msrp_usd,weighted_failure_rate_pct,component_reliability_score,parts_circularity_raw,parts_circularity_score,top_failing_component,highest_resale_component,resale_value_retention_pct,resale_value_retention_score,circularity_score,circularity_tier,buyback_refurb_recommended
Other/Unbranded_i7_Unk_256GB_14-16in,Other/Unbranded,7,2145.71,2144.0,0.0,0.0,100.0,0.0,100.0,,240.0,14-16in,i7,SKU-0078,870.0,5.41788,78.32848,32.2881,58.11858,Motherboard,Display Panel,150.0,100.0,86.2,High,True
Microsoft_i7_Unk_256GB_12-14in,Microsoft,5,1046.4,1047.0,0.0,0.0,100.0,0.0,100.0,,256.0,12-14in,i7,SKU-0113,872.4,5.55056,77.79776,30.9088,55.63584,Motherboard,Display Panel,119.94,100.0,85.6,High,True
Other/Unbranded_i5_Unk_1TB_14-16in,Other/Unbranded,6,656.83,647.25,0.0,33.33333333333333,66.66666666666666,0.0,66.66666666666666,,960.0,14-16in,i5,SKU-0088,778.0,4.77051,80.91796,32.8906,59.20308,Motherboard,Display Panel,84.43,84.42587832047987,75.0,High,True
Lenovo_celeron_Unk_256GB_14-16in,Lenovo,5,631.1,639.0,0.0,60.0,40.0,0.0,40.0,,240.0,14-16in,celeron,SKU-0107,420.0,5.20911,79.16356,31.6662,56.99916,Motherboard,RAM Module,150.0,100.0,74.2,High,True
Other/Unbranded_celeron_4GB_256GB_14-16in,Other/Unbranded,5,230.72,159.0,80.0,20.0,0.0,0.0,80.0,4.0,256.0,14-16in,celeron,SKU-0123,390.4,4.21608,83.13568000000001,33.333999999999996,60.0012,Motherboard,Display Panel,59.1,59.09938524590164,69.5,Medium,True
Lenovo_i3_Unk_256GB_14-16in,Lenovo,7,559.53,565.0,14.285714285714285,85.71428571428571,0.0,0.0,14.285714285714285,,244.57,14-16in,i3,SKU-0076,552.4,5.17956,79.28175999999999,31.328400000000002,56.39112000000001,Motherboard,Display Panel,101.29,100.0,69.0,Medium,True
Other/Unbranded_celeron_8GB_512GB_14-16in,Other/Unbranded,7,214.0,193.0,100.0,0.0,0.0,0.0,100.0,8.0,512.0,14-16in,celeron,SKU-0068,460.8,5.503570000000001,77.98572,30.8491,55.52838,Motherboard,Display Panel,46.44,46.44097222222222,66.9,Medium,True
Lenovo_i3_Unk_1TB_14-16in,Lenovo,10,610.8,627.0,0.0,90.0,10.0,0.0,10.0,,830.4,14-16in,i3,SKU-0051,658.0,4.257,82.97200000000001,31.6444,56.959920000000004,Motherboard,Display Panel,92.83,92.82674772036474,66.6,Medium,True
Other/Unbranded_Unknown_Unk_Unk_Unk,Other/Unbranded,1291,335.24,203.5,34.23702556158017,30.20914020139427,25.019364833462433,0.8520526723470179,59.876065065840436,,,Unk,Unknown,SKU-0001,532.4,4.31447,82.74212,32.1703,57.90654,Motherboard,Display Panel,62.97,62.9673224618683,66.3,Medium,True
Lenovo_i3_8GB_256GB_14-16in,Lenovo,7,276.51,280.0,28.57142857142857,14.285714285714285,14.285714285714285,0.0,57.14285714285714,8.0,253.71,14-16in,i3,SKU-0074,552.4,3.73694,85.05224,33.7491,60.74838,Motherboard,Display Panel,50.06,50.056894589841725,62.4,Medium,False
Lenovo_i3_Unk_128GB_12-14in,Lenovo,12,445.42,439.9,0.0,91.66666666666666,8.333333333333332,0.0,8.333333333333332,,121.33,12-14in,i3,SKU-0042,532.0,5.28271,78.86916,31.851599999999998,57.332879999999996,Motherboard,Display Panel,83.72,83.72493734335839,62.2,Medium,False
Other/Unbranded_Unknown_Unk_Unk_Sub-12in,Other/Unbranded,6,445.72,51.0,0.0,100.0,0.0,0.0,0.0,,,Sub-12in,Unknown,SKU-0087,532.4,4.5441,81.8236,33.5031,60.305580000000006,Motherboard,Display Panel,83.72,83.71994740796393,61.8,Medium,False
Dell_celeron_4GB_64GB_Sub-12in,Dell,6,223.88,110.12,16.666666666666664,50.0,16.666666666666664,0.0,33.33333333333333,4.0,64.0,Sub-12in,celeron,SKU-0095,361.6,3.15263,87.38948,31.2484,56.24712,Motherboard,Display Panel,61.91,61.91233407079646,61.4,Medium,False
Other/Unbranded_i3_Unk_128GB_12-14in,Other/Unbranded,8,420.36,430.75,0.0,100.0,0.0,0.0,0.0,,120.0,12-14in,i3,SKU-0061,532.0,4.35903,82.56388,35.786300000000004,64.41534000000001,Motherboard,Display Panel,79.02,79.015507518797,61.2,Medium,False
Other/Unbranded_i5_8GB_512GB_14-16in,Other/Unbranded,5,434.0,350.0,20.0,40.0,20.0,0.0,40.0,8.0,509.6,14-16in,i5,SKU-0120,710.8,4.0049,83.9804,27.8456,50.122080000000004,Motherboard,Display Panel,61.06,61.057962858750706,60.4,Medium,False
Other/Unbranded_i3_Unk_256GB_12-14in,Other/Unbranded,13,386.46,390.8,0.0,84.61538461538461,15.384615384615385,0.0,15.384615384615385,,246.15,12-14in,i3,SKU-0037,550.0,5.08887,79.64452,34.9506,62.911080000000005,Motherboard,Display Panel,70.27,70.26573426573425,60.2,Medium,False
Other/Unbranded_i5_Unk_512GB_14-16in,Other/Unbranded,7,522.04,508.5,0.0,100.0,0.0,0.0,0.0,,480.0,14-16in,i5,SKU-0077,706.0,3.11118,87.55528,33.2498,59.84964,Motherboard,Display Panel,73.94,73.94374747065966,59.7,Medium,False
Lenovo_i5_Unk_256GB_14-16in,Lenovo,34,472.49,446.25,11.76470588235294,82.35294117647058,5.88235294117647,0.0,17.647058823529413,,242.35,14-16in,i5,SKU-0010,670.0,4.3388599999999995,82.64456,30.017699999999998,54.031859999999995,Motherboard,RAM Module,70.52,70.52107111501317,59.7,Medium,False
HP_i7_16GB_512GB_14-16in,HP,12,498.33,549.5,8.333333333333332,16.666666666666664,33.33333333333333,8.333333333333332,41.66666666666667,16.0,511.0,14-16in,i7,SKU-0045,973.0,3.18248,87.27008000000001,30.697200000000002,55.254960000000004,Battery,Display Panel,51.22,51.21616992120589,59.1,Medium,False
LG_Unknown_Unk_Unk_Unk,LG,64,116.13,95.15,95.3125,0.0,0.0,0.0,96.875,,,Unk,Unknown,SKU-0005,532.4,3.41496,86.34016,27.773400000000002,49.99212000000001,Motherboard,Display Panel,21.81,21.81289913598798,58.6,Medium,False
Other/Unbranded_i5_Unk_128GB_14-16in,Other/Unbranded,9,459.68,463.2,0.0,88.88888888888889,11.11111111111111,0.0,11.11111111111111,,120.0,14-16in,i5,SKU-0058,652.0,5.1936800000000005,79.22528,32.868100000000005,59.16258000000001,Motherboard,Display Panel,70.5,70.5027266530334,58.5,Medium,False
Samsung_celeron_4GB_32GB_14-16in,Samsung,6,148.83,132.25,0.0,0.0,16.666666666666664,0.0,50.0,4.0,32.0,14-16in,celeron,SKU-0099,356.8,3.3057600000000003,86.77696,33.7121,60.68178,Motherboard,Display Panel,41.71,41.71337817638266,58.4,Medium,False
HP_i3_8GB_512GB_14-16in,HP,9,265.0,320.0,44.44444444444444,22.22222222222222,11.11111111111111,0.0,55.55555555555556,8.0,469.33,14-16in,i3,SKU-0056,590.8,4.79782,80.80872,31.3873,56.49714,Motherboard,Display Panel,44.85,44.85443466486121,58.3,Medium,False
Dell_i5_Unk_128GB_12-14in,Dell,23,407.19,413.0,0.0,95.65217391304348,4.3478260869565215,0.0,4.3478260869565215,,120.0,12-14in,i5,SKU-0016,652.0,3.54487,85.82052,39.2343,70.62174,Motherboard,Display Panel,62.45,62.452654041077615,58.3,Medium,False
Other/Unbranded_i5_Unk_512GB_12-14in,Other/Unbranded,5,442.2,429.2,0.0,80.0,20.0,0.0,20.0,,480.0,12-14in,i5,SKU-0108,706.0,3.4749499999999998,86.1002,29.8222,53.67996,Motherboard,Display Panel,62.63,62.63456090651558,58.2,Medium,False
Dell_Unknown_Unk_Unk_Unk,Dell,6,228.92,96.78,50.0,33.33333333333333,0.0,0.0,66.66666666666666,,,Unk,Unknown,SKU-0092,532.4,5.92378,76.30488,29.5812,53.246159999999996,Motherboard,Display Panel,43.0,42.997119959929876,58.1,Medium,False
Lenovo_Unknown_Unk_Unk_Unk,Lenovo,25,228.88,74.3,56.00000000000001,4.0,0.0,0.0,56.00000000000001,,,Unk,Unknown,SKU-0013,532.4,4.68681,81.25276,30.7111,55.279979999999995,Motherboard,Display Panel,42.99,42.990232907588286,57.6,Medium,False
Lenovo_i5_Unk_512GB_14-16in,Lenovo,20,461.8,395.4,0.0,90.0,5.0,0.0,10.0,,484.2,14-16in,i5,SKU-0018,706.0,5.002000000000001,79.99199999999999,35.0249,63.04482000000001,Motherboard,Display Panel,65.41,65.41076487252124,57.5,Medium,False
Lenovo_i5_Unk_256GB_12-14in,Lenovo,10,458.4,462.0,0.0,90.0,10.0,0.0,10.0,,240.0,12-14in,i5,SKU-0053,670.0,4.43943,82.24228,30.6255,55.1259,Motherboard,Display Panel,68.42,68.41791044776119,57.5,Medium,False
Dell_i5_32GB_2TB_14-16in,Dell,6,532.17,399.0,0.0,66.66666666666666,33.33333333333333,0.0,33.33333333333333,32.0,1349.33,14-16in,i5,SKU-0098,979.6,5.73428,77.06288,34.481300000000005,62.06634000000001,Motherboard,Display Panel,54.32,54.32489451476793,57.4,Medium,False
Samsung_Unknown_Unk_Unk_Unk,Samsung,46,102.35,97.94,89.13043478260869,2.1739130434782608,0.0,0.0,89.13043478260869,,,Unk,Unknown,SKU-0007,532.4,4.30888,82.76447999999999,33.4465,60.203700000000005,Motherboard,Display Panel,19.22,19.224798288308886,57.3,Medium,False
Lenovo_i7_32GB_2TB_14-16in,Lenovo,5,459.0,400.0,0.0,40.0,60.0,0.0,60.0,30.4,1609.6,14-16in,i7,SKU-0110,1262.0,3.9432899999999997,84.22684,31.606199999999998,56.89116,Motherboard,Display Panel,36.37,36.370839936608554,57.2,Medium,False
Other/Unbranded_i5_Unk_256GB_14-16in,Other/Unbranded,12,439.78,433.2,8.333333333333332,91.66666666666666,0.0,0.0,8.333333333333332,,244.0,14-16in,i5,SKU-0044,670.0,3.35085,86.5966,29.936,53.8848,Motherboard,Display Panel,65.64,65.63805970149255,57.1,Medium,False
Dell_i5_Unk_512GB_12-14in,Dell,8,483.5,465.1,0.0,87.5,12.5,0.0,12.5,,464.0,12-14in,i5,SKU-0064,706.0,6.104520000000001,75.58192,32.5914,58.66452,Motherboard,Display Panel,68.48,68.48441926345609,57.1,Medium,False
Dell_i7_16GB_512GB_14-16in,Dell,26,505.31,363.0,7.6923076923076925,42.30769230769231,26.923076923076923,0.0,38.46153846153847,16.0,493.54,14-16in,i7,SKU-0012,974.8,5.76187,76.95251999999999,32.531099999999995,58.55597999999999,Motherboard,Display Panel,51.84,51.8370632240144,56.8,Medium,False
Lenovo_i5_16GB_2TB_14-16in,Lenovo,8,301.0,220.0,12.5,37.5,37.5,0.0,62.5,14.0,1024.0,14-16in,i5,SKU-0062,819.6,5.401890000000001,78.39244,31.5456,56.78208,Motherboard,Display Panel,36.73,36.7252318204002,56.3,Medium,False
Other/Unbranded_i5_16GB_512GB_14-16in,Other/Unbranded,6,417.27,386.1,0.0,50.0,16.666666666666664,0.0,16.666666666666664,16.0,506.0,14-16in,i5,SKU-0091,774.8,3.4466400000000004,86.21343999999999,34.8457,62.722260000000006,Motherboard,Display Panel,53.85,53.85475821717433,56.3,Medium,False
AUO_Unknown_Unk_Unk_Unk,AUO,69,82.61,81.6,98.55072463768117,0.0,0.0,0.0,98.55072463768117,,,Unk,Unknown,SKU-0004,532.4,4.38695,82.4522,28.704099999999997,51.667379999999994,Motherboard,Display Panel,15.52,15.51680114112741,56.1,Medium,False
Lenovo_i7_16GB_2TB_14-16in,Lenovo,12,437.25,520.0,0.0,58.333333333333336,8.333333333333332,0.0,41.66666666666667,15.33,1105.33,14-16in,i7,SKU-0040,1051.6,3.5446999999999997,85.8212,31.912599999999998,57.442679999999996,Motherboard,Display Panel,41.58,41.57949790794979,55.8,Medium,False
HP_i5_8GB_128GB_14-16in,HP,6,250.17,198.0,0.0,33.33333333333333,50.0,0.0,50.0,8.0,125.33,14-16in,i5,SKU-0097,653.2,4.20397,83.18412000000001,31.7146,57.08628,Motherboard,Display Panel,38.3,38.298632373953865,55.6,Medium,False
Dell_i5_Unk_256GB_12-14in,Dell,34,434.58,442.8,0.0,100.0,0.0,0.0,0.0,,240.47,12-14in,i5,SKU-0009,670.0,4.4277999999999995,82.28880000000001,33.812999999999995,60.86339999999999,Motherboard,Display Panel,64.86,64.86259877085163,55.4,Medium,False
Other/Unbranded_i3_Unk_128GB_14-16in,Other/Unbranded,6,377.22,383.0,0.0,100.0,0.0,0.0,0.0,,120.0,14-16in,i3,SKU-0089,532.0,5.75195,76.9922,31.2284,56.21112,Motherboard,Display Panel,70.91,70.90538847117796,55.3,Medium,False
Other/Unbranded_i5_Unk_Unk_12-14in,Other/Unbranded,6,463.97,287.4,0.0,83.33333333333334,0.0,16.666666666666664,0.0,,,12-14in,i5,SKU-0090,672.4,4.55521,81.77916,29.7382,53.52876,Motherboard,Display Panel,69.0,69.001586357327,55.3,Medium,False
Other/Unbranded_i5_Unk_256GB_12-14in,Other/Unbranded,12,417.12,401.25,0.0,83.33333333333334,16.666666666666664,0.0,16.666666666666664,,242.67,12-14in,i5,SKU-0041,670.0,5.9174299999999995,76.33028,30.6534,55.176120000000004,Motherboard,Display Panel,62.26,62.25621890547263,55.2,Medium,False
HP_i5_8GB_256GB_12-14in,HP,5,310.5,239.5,0.0,40.0,40.0,0.0,40.0,8.0,256.0,12-14in,i5,SKU-0118,672.4,4.85543,80.57828,29.697400000000002,53.45532000000001,Motherboard,Display Panel,46.18,46.17787031528852,55.0,Medium,False
Dell_i5_16GB_2TB_14-16in,Dell,17,407.42,345.0,17.647058823529413,35.294117647058826,23.52941176470588,0.0,41.17647058823529,16.0,1196.24,14-16in,i5,SKU-0025,851.6,4.65555,81.37780000000001,26.8544,48.33792,Motherboard,Display Panel,47.84,47.84212416765673,55.0,Medium,False
Dell_i7_32GB_2TB_14-16in,Dell,13,500.19,370.0,7.6923076923076925,30.76923076923077,46.15384615384615,0.0,53.84615384615385,32.0,1474.46,14-16in,i7,SKU-0038,1326.0,5.6798,77.2808,32.3703,58.26654,Motherboard,Display Panel,37.72,37.721893491124256,54.9,Medium,False
Dell_i7_16GB_512GB_12-14in,Dell,10,370.08,283.0,0.0,50.0,50.0,0.0,50.0,16.0,509.6,12-14in,i7,SKU-0054,974.8,4.6837,81.2652,31.0304,55.85472,Motherboard,Display Panel,37.96,37.96471070988922,54.8,Medium,False
Dell_i5_16GB_512GB_12-14in,Dell,7,374.79,175.0,0.0,71.42857142857143,28.57142857142857,0.0,28.57142857142857,15.43,474.57,12-14in,i5,SKU-0081,774.8,3.7897200000000004,84.84112,30.0598,54.107639999999996,Motherboard,Display Panel,48.37,48.37193008333948,54.7,Medium,False
Dell_i5_16GB_512GB_14-16in,Dell,23,305.35,220.0,0.0,43.47826086956522,39.130434782608695,0.0,47.82608695652174,15.83,510.43,14-16in,i5,SKU-0014,774.8,5.88466,76.46136,33.571,60.4278,Motherboard,Display Panel,39.41,39.410450943862095,54.6,Medium,False
Lenovo_i5_Unk_1TB_14-16in,Lenovo,13,486.73,449.8,0.0,100.0,0.0,0.0,0.0,,907.69,14-16in,i5,SKU-0036,727.0,3.85909,84.56363999999999,26.9196,48.45528,Motherboard,RAM Module,66.95,66.95058723944555,54.3,Medium,False
Dell_i7_16GB_2TB_12-14in,Dell,7,358.64,290.0,0.0,28.57142857142857,57.14285714285714,0.0,57.14285714285714,16.0,1024.0,12-14in,i7,SKU-0073,1051.6,5.35885,78.5646,30.7361,55.324980000000004,Motherboard,Display Panel,34.1,34.10449383252731,54.1,Medium,False
Dell_i7_16GB_1TB_14-16in,Dell,11,573.27,440.0,9.090909090909092,81.81818181818183,9.090909090909092,0.0,18.181818181818183,16.0,939.27,14-16in,i7,SKU-0049,1048.0,3.9004999999999996,84.398,28.4137,51.14466,Motherboard,RAM Module,54.7,54.70159611380985,54.1,Medium,False
Lenovo_i5_16GB_1TB_14-16in,Lenovo,5,248.2,250.0,0.0,40.0,60.0,0.0,60.0,16.0,953.6,14-16in,i5,SKU-0119,848.0,4.52909,81.88364,31.658299999999997,56.984939999999995,Motherboard,Display Panel,29.27,29.2688679245283,54.1,Medium,False
Lenovo_i5_Unk_128GB_14-16in,Lenovo,19,389.53,344.8,0.0,100.0,0.0,0.0,0.0,,120.0,14-16in,i5,SKU-0020,652.0,3.74756,85.00976,32.6085,58.6953,Motherboard,Display Panel,59.74,59.74410720051663,53.9,Medium,False
HP_i5_8GB_256GB_14-16in,HP,11,318.66,184.1,9.090909090909092,63.63636363636363,27.27272727272727,0.0,36.36363636363637,8.0,256.0,14-16in,i5,SKU-0046,672.4,5.14749,79.41004,28.1093,50.596740000000004,Motherboard,Display Panel,47.39,47.39197447406847,53.8,Medium,False
HP_Unknown_Unk_Unk_14-16in,HP,7,168.57,120.0,57.14285714285714,42.857142857142854,0.0,0.0,57.14285714285714,,,14-16in,Unknown,SKU-0083,532.4,6.507579999999999,73.96968000000001,35.5015,63.9027,Motherboard,Display Panel,31.66,31.662552323709352,53.8,Medium,False
Lenovo_i5_32GB_2TB_14-16in,Lenovo,7,353.54,360.0,14.285714285714285,42.857142857142854,42.857142857142854,0.0,57.14285714285714,28.57,1580.0,14-16in,i5,SKU-0071,1030.0,4.5379499999999995,81.8482,27.4958,49.49244,Motherboard,Display Panel,34.32,34.3245492371706,53.8,Medium,False
Lenovo_i7_16GB_512GB_14-16in,Lenovo,16,443.44,289.5,0.0,43.75,37.5,0.0,37.5,16.0,497.0,14-16in,i7,SKU-0029,974.8,5.5515300000000005,77.79388,30.4739,54.85302,Motherboard,Display Panel,45.49,45.490100533442764,53.8,Medium,False
Dell_i5_8GB_512GB_12-14in,Dell,7,335.14,200.0,0.0,57.14285714285714,28.57142857142857,0.0,28.57142857142857,8.0,512.0,12-14in,i5,SKU-0070,710.8,4.72907,81.08372,30.1968,54.35424,Motherboard,Display Panel,47.15,47.150092451161676,53.4,Medium,False
Acer_Unknown_Unk_Unk_Unk,Acer,18,83.06,91.27,77.77777777777779,11.11111111111111,0.0,0.0,77.77777777777779,,,Unk,Unknown,SKU-0023,532.4,4.34075,82.637,32.3393,58.21074,Motherboard,Display Panel,15.6,15.600425745053844,53.3,Medium,False
HP_Unknown_Unk_Unk_Unk,HP,19,120.0,93.4,52.63157894736842,42.10526315789473,0.0,0.0,52.63157894736842,,,Unk,Unknown,SKU-0021,532.4,3.72346,85.10616,36.758100000000006,66.16458000000002,Motherboard,Display Panel,22.54,22.5400371703112,52.9,Medium,False
Dell_i5_Unk_2TB_14-16in,Dell,23,425.88,484.0,0.0,73.91304347826086,26.08695652173913,0.0,26.08695652173913,,1957.57,14-16in,i5,SKU-0015,934.0,4.84632,80.61472,31.5914,56.86452,Motherboard,Display Panel,45.6,45.59770971045526,52.7,Medium,False
Dell_i7_32GB_2TB_16in+,Dell,5,564.6,600.0,0.0,40.0,20.0,0.0,40.0,32.0,2000.0,16in+,i7,SKU-0103,1366.0,5.94663,76.21348,30.7375,55.3275,Motherboard,Display Panel,41.33,41.33235724743778,52.6,Medium,False
Dell_i5_Unk_1TB_14-16in,Dell,39,450.04,451.5,0.0,94.87179487179486,5.128205128205128,0.0,5.128205128205128,,960.0,14-16in,i5,SKU-0008,778.0,6.52831,73.88676,35.494,63.8892,Motherboard,Display Panel,57.85,57.84523103289171,52.5,Medium,False
Other/Unbranded_i5_8GB_512GB_12-14in,Other/Unbranded,13,294.41,316.5,15.384615384615385,69.23076923076923,15.384615384615385,0.0,30.76923076923077,8.0,471.08,12-14in,i5,SKU-0039,673.6,5.005120000000001,79.97952,30.4679,54.842220000000005,Motherboard,Display Panel,43.71,43.70751872830258,52.4,Medium,False
Dell_i7_16GB_2TB_14-16in,Dell,22,394.76,314.5,13.636363636363635,50.0,13.636363636363635,0.0,27.27272727272727,16.0,1200.91,14-16in,i7,SKU-0017,1049.8,3.41521,86.33915999999999,32.913199999999996,59.243759999999995,Motherboard,Display Panel,37.6,37.60369940594745,52.0,Medium,False
Dell_i5_Unk_512GB_14-16in,Dell,52,387.2,390.65,0.0,98.07692307692307,1.9230769230769231,0.0,1.9230769230769231,,474.62,14-16in,i5,SKU-0006,706.0,3.4894299999999996,86.04228,30.386899999999997,54.696419999999996,Motherboard,Display Panel,54.84,54.84473741555894,52.0,Medium,False
Lenovo_i5_Unk_128GB_12-14in,Lenovo,6,403.9,440.15,0.0,100.0,0.0,0.0,0.0,,120.0,12-14in,i5,SKU-0093,652.0,6.17666,75.29336,31.2931,56.32758,Motherboard,Display Panel,61.95,61.9478527607362,51.8,Medium,False
Dell_i5_Unk_512GB_Sub-12in,Dell,9,391.66,406.2,0.0,100.0,0.0,0.0,0.0,,480.0,Sub-12in,i5,SKU-0057,706.0,4.570270000000001,81.71892,31.2172,56.19096,Motherboard,Display Panel,55.48,55.47529115517784,51.1,Medium,False
HP_i5_16GB_512GB_14-16in,HP,15,248.25,190.0,6.666666666666667,60.0,13.333333333333334,0.0,26.666666666666668,15.47,495.73,14-16in,i5,SKU-0031,774.8,3.41524,86.33904,35.4471,63.80478,Motherboard,Display Panel,32.04,32.04095680605748,50.9,Medium,False
Microsoft_i5_8GB_256GB_12-14in,Microsoft,16,288.26,255.0,0.0,68.75,6.25,0.0,25.0,8.0,256.0,12-14in,i5,SKU-0028,672.4,5.472770000000001,78.10892,31.2194,56.19492,Motherboard,Display Panel,42.87,42.86975758477097,50.8,Medium,False
HP_i5_8GB_512GB_14-16in,HP,15,297.2,360.0,33.33333333333333,33.33333333333333,0.0,0.0,33.33333333333333,8.0,506.13,14-16in,i5,SKU-0032,710.8,5.97601,76.09596,29.0015,52.2027,Motherboard,Display Panel,41.81,41.81185518664415,50.8,Medium,False
Dell_Other/Unspecified_Unk_Unk_14-16in,Dell,5,285.5,400.0,0.0,100.0,0.0,0.0,0.0,,,14-16in,Other/Unspecified,SKU-0106,532.4,4.5415,81.834,31.5116,56.72088,Motherboard,Display Panel,53.63,53.62509391435012,50.6,Medium,False
Lenovo_i5_16GB_256GB_14-16in,Lenovo,9,297.22,198.0,0.0,55.55555555555556,22.22222222222222,0.0,22.22222222222222,15.56,256.0,14-16in,i5,SKU-0055,736.4,5.238250000000001,79.047,33.1722,59.709959999999995,Motherboard,Display Panel,40.36,40.36151849840063,50.3,Medium,False
Dell_i5_Unk_128GB_14-16in,Dell,72,313.57,312.4,0.0,90.27777777777779,9.722222222222223,0.0,9.722222222222223,,120.22,14-16in,i5,SKU-0003,652.0,5.31959,78.72164000000001,32.4881,58.47858000000001,Motherboard,Display Panel,48.09,48.094112133606,50.2,Medium,False
HP_celeron_4GB_128GB_14-16in,HP,6,153.82,145.47,16.666666666666664,33.33333333333333,0.0,0.0,16.666666666666664,4.0,128.0,14-16in,celeron,SKU-0101,371.2,3.38894,86.44424000000001,28.9538,52.11684,Motherboard,Display Panel,41.44,41.439475574712645,49.9,Low,False
Asus_Unknown_Unk_Unk_Unk,Asus,16,123.7,89.3,50.0,31.25,0.0,6.25,50.0,,,Unk,Unknown,SKU-0030,532.4,5.00853,79.96588,32.1168,57.81024,Motherboard,Display Panel,23.23,23.23394064613073,49.7,Low,False
Dell_i5_Unk_256GB_14-16in,Dell,116,329.9,329.15,0.0,94.82758620689656,5.172413793103448,0.0,5.172413793103448,,240.64,14-16in,i5,SKU-0002,670.0,4.42395,82.30420000000001,28.5915,51.4647,Motherboard,Display Panel,49.24,49.23906330416881,49.1,Low,False
Dell_i5_8GB_2TB_14-16in,Dell,7,286.86,297.0,0.0,42.857142857142854,28.57142857142857,0.0,28.57142857142857,8.0,1196.57,14-16in,i5,SKU-0079,787.6,5.912590000000001,76.34964,31.732400000000002,57.118320000000004,Motherboard,Display Panel,36.42,36.421678879779435,49.0,Low,False
Dell_i7_Unk_Unk_14-16in,Dell,10,298.24,254.0,0.0,40.0,30.0,20.0,30.0,,,14-16in,i7,SKU-0052,872.4,4.38682,82.45272,28.693600000000004,51.648480000000006,Motherboard,Display Panel,34.19,34.18615314076112,48.9,Low,False
Dell_i7_8GB_512GB_14-16in,Dell,7,273.28,250.0,0.0,71.42857142857143,0.0,0.0,14.285714285714285,8.0,480.57,14-16in,i7,SKU-0082,882.0,3.52058,85.91768,33.8375,60.9075,Motherboard,Display Panel,30.98,30.983803045027535,47.4,Low,False
HP_celeron_4GB_16GB_Sub-12in,HP,5,73.6,75.0,0.0,40.0,40.0,0.0,40.0,4.0,16.0,Sub-12in,celeron,SKU-0102,354.4,5.37854,78.48584,33.421899999999994,60.15941999999999,Motherboard,Display Panel,20.77,20.767494356659142,46.9,Low,False
Acer_celeron_4GB_64GB_Sub-12in,Acer,8,57.25,56.5,0.0,62.5,37.5,0.0,37.5,4.0,64.0,Sub-12in,celeron,SKU-0060,361.6,3.92918,84.28328,33.0817,59.547059999999995,Motherboard,Display Panel,15.83,15.832411504424778,46.0,Low,False
Dell_i5_8GB_256GB_14-16in,Dell,28,172.44,160.0,3.571428571428571,60.71428571428571,21.428571428571427,3.571428571428571,25.0,8.0,253.5,14-16in,i5,SKU-0011,672.4,4.01666,83.93336,29.9053,53.82954,Motherboard,Display Panel,25.64,25.644864876349118,45.7,Low,False
HP_i5_Unk_Unk_14-16in,HP,8,238.03,115.62,12.5,50.0,0.0,37.5,12.5,,,14-16in,i5,SKU-0066,672.4,4.8757600000000005,80.49696,29.520100000000003,53.13618,Motherboard,Display Panel,35.4,35.40024538964902,45.6,Low,False
Dell_i5_16GB_256GB_14-16in,Dell,11,241.82,199.0,0.0,90.9090909090909,9.090909090909092,0.0,9.090909090909092,14.91,255.45,14-16in,i5,SKU-0048,704.4,5.615340000000001,77.53864,33.570100000000004,60.42618000000001,Motherboard,Display Panel,34.33,34.32966806050282,45.3,Low,False
Lenovo_celeron_4GB_64GB_Sub-12in,Lenovo,7,71.69,55.0,0.0,57.14285714285714,28.57142857142857,0.0,28.57142857142857,4.0,64.0,Sub-12in,celeron,SKU-0080,361.6,5.69214,77.23143999999999,36.5712,65.82816,Motherboard,Display Panel,19.82,19.82458912768647,45.1,Low,False
HP_i7_16GB_2TB_14-16in,HP,7,334.07,260.0,0.0,71.42857142857143,14.285714285714285,0.0,14.285714285714285,16.0,1024.0,14-16in,i7,SKU-0072,1051.6,4.51266,81.94936,29.5719,53.22942,Motherboard,RAM Module,31.77,31.76791827419442,45.1,Low,False
Microsoft_i5_8GB_512GB_12-14in,Microsoft,12,249.59,245.0,0.0,66.66666666666666,8.333333333333332,8.333333333333332,8.333333333333332,8.0,512.0,12-14in,i5,SKU-0043,710.8,5.40862,78.36552,30.2738,54.49284,Motherboard,Display Panel,35.11,35.114190583380235,44.4,Low,False
Dell_i5_8GB_512GB_14-16in,Dell,17,231.23,160.0,0.0,82.35294117647058,11.76470588235294,0.0,11.76470588235294,8.0,507.06,14-16in,i5,SKU-0026,710.8,6.463739999999999,74.14504000000001,33.0638,59.51484,Motherboard,Display Panel,32.53,32.531613095435134,44.2,Low,False
Lenovo_i5_16GB_512GB_14-16in,Lenovo,15,216.2,189.0,0.0,80.0,13.333333333333334,0.0,13.333333333333334,15.47,509.07,14-16in,i5,SKU-0034,774.8,5.187640000000001,79.24943999999999,32.9898,59.381640000000004,Motherboard,Display Panel,27.9,27.903975219411457,44.1,Low,False
Other/Unbranded_i5_8GB_256GB_Sub-12in,Other/Unbranded,5,243.82,253.1,0.0,100.0,0.0,0.0,0.0,8.0,232.0,Sub-12in,i5,SKU-0122,672.4,5.65385,77.3846,32.7372,58.92696,Motherboard,Display Panel,36.26,36.261154074955385,43.8,Low,False
Dell_i5_8GB_256GB_12-14in,Dell,10,189.82,147.95,0.0,50.0,20.0,10.0,20.0,8.0,256.0,12-14in,i5,SKU-0050,672.4,5.961320000000001,76.15472,29.8711,53.76798,Motherboard,Display Panel,28.23,28.229476502082097,43.7,Low,False
Dell_i5_8GB_Unk_14-16in,Dell,8,131.4,127.0,0.0,50.0,25.0,25.0,25.0,8.0,,14-16in,i5,SKU-0065,672.4,4.9588,80.1648,31.611200000000004,56.90016000000001,Motherboard,Display Panel,19.54,19.541939321832245,43.3,Low,False
Acer_celeron_4GB_32GB_Sub-12in,Acer,8,60.75,52.0,0.0,25.0,25.0,0.0,25.0,4.0,32.0,Sub-12in,celeron,SKU-0059,356.8,4.11166,83.55336,31.874000000000002,57.373200000000004,Motherboard,Display Panel,17.03,17.02634529147982,43.3,Low,False
Lenovo_i5_8GB_256GB_14-16in,Lenovo,17,250.1,176.0,0.0,82.35294117647058,0.0,0.0,0.0,8.0,255.06,14-16in,i5,SKU-0027,670.0,4.20681,83.17276,25.585299999999997,46.05354,Motherboard,RAM Module,37.33,37.32835820895522,43.1,Low,False
Lenovo_i5_8GB_512GB_12-14in,Lenovo,5,201.46,155.0,0.0,80.0,20.0,0.0,20.0,8.0,509.6,12-14in,i5,SKU-0112,709.0,6.49984,74.00064,29.3562,52.84116,Motherboard,Display Panel,28.41,28.414668547249644,43.0,Low,False
Dell_i7_8GB_256GB_14-16in,Dell,6,238.83,252.5,0.0,66.66666666666666,0.0,0.0,16.666666666666664,8.0,256.0,14-16in,i7,SKU-0100,872.4,5.03583,79.85668,27.7044,49.86792,Motherboard,Display Panel,27.38,27.37658566406847,42.9,Low,False
Lenovo_i5_8GB_256GB_12-14in,Lenovo,6,166.0,137.45,0.0,50.0,16.666666666666664,0.0,16.666666666666664,8.0,243.33,12-14in,i5,SKU-0086,661.0,4.44404,82.22384,27.8704,50.16672,Motherboard,Display Panel,25.11,25.113464447806354,42.7,Low,False
Lenovo_i5_8GB_512GB_14-16in,Lenovo,19,195.87,163.2,5.263157894736842,68.42105263157895,5.263157894736842,0.0,10.526315789473683,8.0,508.21,14-16in,i5,SKU-0019,710.8,5.9864299999999995,76.05428,33.03,59.454,Motherboard,Display Panel,27.56,27.555608210170895,42.7,Low,False
HP_i7_8GB_512GB_14-16in,HP,8,180.38,171.0,0.0,75.0,12.5,0.0,12.5,8.0,479.5,14-16in,i7,SKU-0063,910.8,4.18627,83.25492,33.601600000000005,60.48288000000001,Motherboard,Display Panel,19.8,19.804018445322793,42.3,Low,False
HP_celeron_4GB_32GB_14-16in,HP,6,66.33,67.5,0.0,83.33333333333334,16.666666666666664,0.0,16.666666666666664,4.0,29.5,14-16in,celeron,SKU-0096,354.55,3.73531,85.05876,30.344,54.619200000000006,Motherboard,Display Panel,18.71,18.70916184835237,42.1,Low,False
Dell_i5_Unk_Unk_14-16in,Dell,11,139.43,135.0,0.0,63.63636363636363,9.090909090909092,27.27272727272727,9.090909090909092,,,14-16in,i5,SKU-0047,672.4,3.31248,86.75008,31.0126,55.82268,Motherboard,Display Panel,20.74,20.735628143421124,41.9,Low,False
Dell_celeron_4GB_32GB_Sub-12in,Dell,15,67.42,50.0,0.0,60.0,20.0,0.0,20.0,4.0,31.2,Sub-12in,celeron,SKU-0035,356.8,5.880789999999999,76.47684000000001,32.2425,58.036500000000004,Motherboard,Display Panel,18.9,18.895553064275035,41.3,Low,False
Dell_celeron_4GB_256GB_Sub-12in,Dell,7,120.19,130.0,0.0,71.42857142857143,0.0,0.0,0.0,4.0,256.0,Sub-12in,celeron,SKU-0069,390.4,5.18853,79.24588,29.454300000000003,53.01774000000001,Motherboard,Display Panel,30.79,30.785275175644028,41.2,Low,False
Dell_i5_8GB_16GB_14-16in,Dell,5,156.0,160.0,0.0,80.0,0.0,20.0,0.0,8.0,8.0,14-16in,i5,SKU-0104,635.2,3.89856,84.40576,31.7954,57.23172,Motherboard,Display Panel,24.56,24.559193954659946,41.1,Low,False
Lenovo_i7_8GB_512GB_14-16in,Lenovo,5,188.3,139.0,0.0,100.0,0.0,0.0,0.0,8.0,509.6,14-16in,i7,SKU-0121,910.8,3.2705800000000003,86.91768,32.801500000000004,59.04270000000001,Motherboard,Display Panel,20.67,20.67413263065437,40.8,Low,False
Dell_i3_4GB_512GB_14-16in,Dell,5,88.96,103.4,0.0,80.0,20.0,0.0,20.0,4.0,428.0,14-16in,i3,SKU-0115,557.0,4.17823,83.28708,28.4969,51.29442,Motherboard,Display Panel,15.97,15.971274685816878,40.7,Low,False
Dell_i5_16GB_1TB_14-16in,Dell,7,207.86,175.0,0.0,71.42857142857143,14.285714285714285,0.0,14.285714285714285,16.0,915.43,14-16in,i5,SKU-0067,848.0,5.625820000000001,77.49672,26.384999999999998,47.492999999999995,Motherboard,Display Panel,24.51,24.51145552560647,40.3,Low,False
Dell_celeron_4GB_128GB_Sub-12in,Dell,5,112.4,93.0,0.0,80.0,0.0,0.0,0.0,4.0,118.4,Sub-12in,celeron,SKU-0105,371.2,6.01464,75.94144,29.7476,53.54568,Motherboard,Display Panel,30.28,30.280172413793103,40.3,Low,False
Lenovo_celeron_4GB_32GB_Sub-12in,Lenovo,18,72.4,45.5,0.0,83.33333333333334,0.0,0.0,0.0,4.0,32.0,Sub-12in,celeron,SKU-0022,356.8,4.22492,83.10032,31.674,57.0132,Motherboard,Display Panel,20.29,20.292881165919283,39.3,Low,False
Dell_i5_4GB_256GB_14-16in,Dell,7,115.64,90.0,0.0,85.71428571428571,14.285714285714285,0.0,14.285714285714285,4.0,203.71,14-16in,i5,SKU-0075,638.0,5.117100000000001,79.5316,27.2964,49.13352,Motherboard,RAM Module,18.13,18.125839677563814,38.9,Low,False
Lenovo_celeron_4GB_16GB_Sub-12in,Lenovo,5,44.1,45.0,0.0,40.0,20.0,0.0,20.0,4.0,16.0,Sub-12in,celeron,SKU-0116,354.4,4.918740000000001,80.32504,28.7194,51.69492,Motherboard,RAM Module,12.44,12.443566591422123,38.8,Low,False
HP_celeron_4GB_32GB_Sub-12in,HP,17,60.91,54.0,0.0,76.47058823529412,5.88235294117647,5.88235294117647,5.88235294117647,4.0,32.0,Sub-12in,celeron,SKU-0024,356.8,4.06047,83.75812,28.8008,51.84144,Motherboard,Display Panel,17.07,17.071353204959113,38.5,Low,False
Dell_i7_8GB_512GB_12-14in,Dell,6,187.17,159.0,0.0,83.33333333333334,0.0,0.0,0.0,8.0,429.33,12-14in,i7,SKU-0085,910.8,3.94822,84.20712,27.726500000000005,49.90770000000001,Motherboard,RAM Module,20.55,20.549699897525983,38.2,Low,False
HP_i5_8GB_1TB_14-16in,HP,5,121.22,100.0,0.0,80.0,0.0,20.0,0.0,8.0,875.6,14-16in,i5,SKU-0111,784.0,5.63338,77.46648,32.887299999999996,59.19714,Motherboard,Display Panel,15.46,15.461734693877553,36.6,Low,False
Acer_celeron_4GB_16GB_Sub-12in,Acer,6,51.24,50.24,0.0,50.0,0.0,0.0,0.0,4.0,14.0,Sub-12in,celeron,SKU-0084,354.4,4.97559,80.09764,30.256300000000003,54.46134000000001,Motherboard,Display Panel,14.46,14.45965011286682,36.0,Low,False
Dell_Unknown_Unk_Unk_14-16in,Dell,5,81.27,29.95,0.0,20.0,0.0,60.0,0.0,,,14-16in,Unknown,SKU-0109,532.4,4.405060000000001,82.37976,28.0164,50.429520000000004,Motherboard,RAM Module,15.26,15.264838467317807,36.0,Low,False
Dell_celeron_4GB_16GB_Sub-12in,Dell,5,45.78,41.0,0.0,60.0,0.0,0.0,0.0,4.0,16.0,Sub-12in,celeron,SKU-0117,354.4,5.8094,76.7624,31.5661,56.818979999999996,Motherboard,Display Panel,12.92,12.916478555304739,35.1,Low,False
Samsung_celeron_4GB_32GB_Sub-12in,Samsung,6,49.91,39.24,0.0,66.66666666666666,0.0,16.666666666666664,0.0,4.0,32.0,Sub-12in,celeron,SKU-0094,356.8,6.33251,74.66996,31.481,56.665800000000004,Motherboard,Display Panel,13.99,13.98729446935725,34.9,Low,False
Acer_pentium_Unk_Unk_14-16in,Acer,5,22.93,21.88,0.0,0.0,0.0,100.0,0.0,,,14-16in,pentium,SKU-0114,442.4,4.28651,82.85396,30.769199999999998,55.38456,Motherboard,Display Panel,5.18,5.182640144665462,33.6,Low,False
Other/Unbranded_pentium_Unk_Unk_14-16in,Other/Unbranded,15,21.9,21.94,0.0,0.0,0.0,100.0,0.0,,,14-16in,pentium,SKU-0033,442.4,5.065170000000001,79.73931999999999,30.513700000000004,54.92466000000001,Motherboard,Display Panel,4.95,4.95042194092827,32.7,Low,False
