sku_id,product_family_key,brand_x,component,bom_cost_usd,cost_share_pct,warranty_claim_rate_pct,weighted_fail,component_resale_value_usd,resale_pct_of_bom_cost,brand_y,circularity_tier
SKU-0001,Other/Unbranded_Unknown_Unk_Unk_Unk,Other/Unbranded,Motherboard,189.41,35.6,7.72,2.74832,30.5,16.1,Other/Unbranded,Medium
SKU-0001,Other/Unbranded_Unknown_Unk_Unk_Unk,Other/Unbranded,Display Panel,107.76,20.2,2.47,0.49894,75.32,69.9,Other/Unbranded,Medium
SKU-0001,Other/Unbranded_Unknown_Unk_Unk_Unk,Other/Unbranded,Battery,44.36,8.3,3.42,0.28386,10.11,22.8,Other/Unbranded,Medium
SKU-0001,Other/Unbranded_Unknown_Unk_Unk_Unk,Other/Unbranded,RAM Module,34.75,6.5,0.85,0.05525,17.93,51.6,Other/Unbranded,Medium
SKU-0001,Other/Unbranded_Unknown_Unk_Unk_Unk,Other/Unbranded,Storage (SSD/HDD),51.16,9.6,2.01,0.19296,20.05,39.2,Other/Unbranded,Medium
SKU-0001,Other/Unbranded_Unknown_Unk_Unk_Unk,Other/Unbranded,Keyboard/Chassis,74.91,14.1,2.91,0.41031,9.74,13.0,Other/Unbranded,Medium
SKU-0001,Other/Unbranded_Unknown_Unk_Unk_Unk,Other/Unbranded,Power Adapter,30.24,5.7,2.19,0.12483,7.83,25.9,Other/Unbranded,Medium
SKU-0002,Dell_i5_Unk_256GB_14-16in,Dell,Motherboard,207.14,30.9,8.89,2.74701,33.56,16.2,Dell,Low
SKU-0002,Dell_i5_Unk_256GB_14-16in,Dell,Display Panel,133.05,19.9,2.83,0.56317,85.15,64.0,Dell,Low
SKU-0002,Dell_i5_Unk_256GB_14-16in,Dell,Battery,48.41,7.2,3.68,0.26496000000000003,8.91,18.4,Dell,Low
SKU-0002,Dell_i5_Unk_256GB_14-16in,Dell,RAM Module,41.08,6.1,1.1,0.0671,16.68,40.6,Dell,Low
SKU-0002,Dell_i5_Unk_256GB_14-16in,Dell,Storage (SSD/HDD),63.77,9.5,2.1,0.1995,24.04,37.7,Dell,Low
SKU-0002,Dell_i5_Unk_256GB_14-16in,Dell,Keyboard/Chassis,88.32,13.2,3.06,0.40392,11.39,12.9,Dell,Low
SKU-0002,Dell_i5_Unk_256GB_14-16in,Dell,Power Adapter,42.41,6.3,2.83,0.17829,11.87,28.0,Dell,Low
SKU-0003,Dell_i5_Unk_128GB_14-16in,Dell,Motherboard,224.8,34.5,10.38,3.5811,46.08,20.5,Dell,Medium
SKU-0003,Dell_i5_Unk_128GB_14-16in,Dell,Display Panel,140.25,21.5,2.33,0.50095,84.43,60.2,Dell,Medium
SKU-0003,Dell_i5_Unk_128GB_14-16in,Dell,Battery,57.01,8.7,4.13,0.35930999999999996,10.66,18.7,Dell,Medium
SKU-0003,Dell_i5_Unk_128GB_14-16in,Dell,RAM Module,41.48,6.4,0.87,0.05568,21.4,51.6,Dell,Medium
SKU-0003,Dell_i5_Unk_128GB_14-16in,Dell,Storage (SSD/HDD),63.83,9.8,1.88,0.18424,21.83,34.2,Dell,Medium
SKU-0003,Dell_i5_Unk_128GB_14-16in,Dell,Keyboard/Chassis,95.06,14.6,3.21,0.46865999999999997,15.4,16.2,Dell,Medium
SKU-0003,Dell_i5_Unk_128GB_14-16in,Dell,Power Adapter,42.46,6.5,2.61,0.16965,11.93,28.1,Dell,Medium
SKU-0004,AUO_Unknown_Unk_Unk_Unk,AUO,Motherboard,165.22,31.0,8.95,2.7744999999999997,28.25,17.1,AUO,Medium
SKU-0004,AUO_Unknown_Unk_Unk_Unk,AUO,Display Panel,119.27,22.4,2.33,0.5219199999999999,66.67,55.9,AUO,Medium
SKU-0004,AUO_Unknown_Unk_Unk_Unk,AUO,Battery,39.35,7.4,4.26,0.31524,8.5,21.6,AUO,Medium
SKU-0004,AUO_Unknown_Unk_Unk_Unk,AUO,RAM Module,30.26,5.7,0.93,0.05301,11.74,38.8,AUO,Medium
SKU-0004,AUO_Unknown_Unk_Unk_Unk,AUO,Storage (SSD/HDD),52.47,9.9,1.72,0.17028000000000001,18.52,35.3,AUO,Medium
SKU-0004,AUO_Unknown_Unk_Unk_Unk,AUO,Keyboard/Chassis,76.57,14.4,2.83,0.40752000000000005,11.49,15.0,AUO,Medium
SKU-0004,AUO_Unknown_Unk_Unk_Unk,AUO,Power Adapter,29.64,5.6,2.58,0.14448,7.5,25.3,AUO,Medium
SKU-0005,LG_Unknown_Unk_Unk_Unk,LG,Motherboard,173.4,32.6,5.69,1.8549400000000003,35.2,20.3,LG,Medium
SKU-0005,LG_Unknown_Unk_Unk_Unk,LG,Display Panel,112.34,21.1,2.2,0.46420000000000006,52.46,46.7,LG,Medium
SKU-0005,LG_Unknown_Unk_Unk_Unk,LG,Battery,39.92,7.5,4.47,0.33525,8.06,20.2,LG,Medium
SKU-0005,LG_Unknown_Unk_Unk_Unk,LG,RAM Module,34.47,6.5,0.95,0.06175,13.68,39.7,LG,Medium
SKU-0005,LG_Unknown_Unk_Unk_Unk,LG,Storage (SSD/HDD),54.81,10.3,1.7,0.1751,20.94,38.2,LG,Medium
SKU-0005,LG_Unknown_Unk_Unk_Unk,LG,Keyboard/Chassis,67.19,12.6,3.01,0.37926,9.81,14.6,LG,Medium
SKU-0005,LG_Unknown_Unk_Unk_Unk,LG,Power Adapter,33.17,6.2,2.33,0.14446,7.66,23.1,LG,Medium
SKU-0006,Dell_i5_Unk_512GB_14-16in,Dell,Motherboard,235.42,33.3,5.43,1.8081899999999997,39.32,16.7,Dell,Medium
SKU-0006,Dell_i5_Unk_512GB_14-16in,Dell,Display Panel,147.61,20.9,2.5,0.5225,85.76,58.1,Dell,Medium
SKU-0006,Dell_i5_Unk_512GB_14-16in,Dell,Battery,62.1,8.8,3.72,0.32736000000000004,14.22,22.9,Dell,Medium
SKU-0006,Dell_i5_Unk_512GB_14-16in,Dell,RAM Module,38.56,5.5,0.93,0.05115,19.47,50.5,Dell,Medium
SKU-0006,Dell_i5_Unk_512GB_14-16in,Dell,Storage (SSD/HDD),73.15,10.4,2.02,0.21008000000000002,28.82,39.4,Dell,Medium
SKU-0006,Dell_i5_Unk_512GB_14-16in,Dell,Keyboard/Chassis,93.74,13.3,3.15,0.41895,15.19,16.2,Dell,Medium
SKU-0006,Dell_i5_Unk_512GB_14-16in,Dell,Power Adapter,44.29,6.3,2.4,0.1512,11.52,26.0,Dell,Medium
SKU-0007,Samsung_Unknown_Unk_Unk_Unk,Samsung,Motherboard,191.82,36.0,6.88,2.4768,34.53,18.0,Samsung,Medium
SKU-0007,Samsung_Unknown_Unk_Unk_Unk,Samsung,Display Panel,106.37,20.0,2.57,0.514,77.86,73.2,Samsung,Medium
SKU-0007,Samsung_Unknown_Unk_Unk_Unk,Samsung,Battery,44.39,8.3,4.37,0.36271000000000003,8.48,19.1,Samsung,Medium
SKU-0007,Samsung_Unknown_Unk_Unk_Unk,Samsung,RAM Module,29.86,5.6,1.06,0.059359999999999996,12.99,43.5,Samsung,Medium
SKU-0007,Samsung_Unknown_Unk_Unk_Unk,Samsung,Storage (SSD/HDD),56.84,10.7,2.11,0.22576999999999997,24.33,42.8,Samsung,Medium
SKU-0007,Samsung_Unknown_Unk_Unk_Unk,Samsung,Keyboard/Chassis,80.87,15.2,3.34,0.50768,11.24,13.9,Samsung,Medium
SKU-0007,Samsung_Unknown_Unk_Unk_Unk,Samsung,Power Adapter,33.97,6.4,2.54,0.16256,8.56,25.2,Samsung,Medium
SKU-0008,Dell_i5_Unk_1TB_14-16in,Dell,Motherboard,267.6,34.4,13.9,4.7816,43.62,16.3,Dell,Medium
SKU-0008,Dell_i5_Unk_1TB_14-16in,Dell,Display Panel,166.0,21.3,2.67,0.5687099999999999,137.45,82.8,Dell,Medium
SKU-0008,Dell_i5_Unk_1TB_14-16in,Dell,Battery,61.05,7.8,4.47,0.34865999999999997,13.49,22.1,Dell,Medium
SKU-0008,Dell_i5_Unk_1TB_14-16in,Dell,RAM Module,43.52,5.6,1.12,0.06272,20.19,46.4,Dell,Medium
SKU-0008,Dell_i5_Unk_1TB_14-16in,Dell,Storage (SSD/HDD),75.81,9.7,2.26,0.21921999999999994,34.65,45.7,Dell,Medium
SKU-0008,Dell_i5_Unk_1TB_14-16in,Dell,Keyboard/Chassis,101.53,13.1,3.04,0.39824000000000004,16.14,15.9,Dell,Medium
SKU-0008,Dell_i5_Unk_1TB_14-16in,Dell,Power Adapter,51.3,6.6,2.26,0.14916,10.98,21.4,Dell,Medium
SKU-0009,Dell_i5_Unk_256GB_12-14in,Dell,Motherboard,234.62,35.0,7.85,2.7474999999999996,44.34,18.9,Dell,Medium
SKU-0009,Dell_i5_Unk_256GB_12-14in,Dell,Display Panel,148.65,22.2,2.51,0.5572199999999999,104.35,70.2,Dell,Medium
SKU-0009,Dell_i5_Unk_256GB_12-14in,Dell,Battery,50.86,7.6,4.57,0.34732,9.87,19.4,Dell,Medium
SKU-0009,Dell_i5_Unk_256GB_12-14in,Dell,RAM Module,43.47,6.5,0.98,0.0637,18.69,43.0,Dell,Medium
SKU-0009,Dell_i5_Unk_256GB_12-14in,Dell,Storage (SSD/HDD),68.03,10.2,2.0,0.204,24.69,36.3,Dell,Medium
SKU-0009,Dell_i5_Unk_256GB_12-14in,Dell,Keyboard/Chassis,89.69,13.4,2.57,0.34438,14.08,15.7,Dell,Medium
SKU-0009,Dell_i5_Unk_256GB_12-14in,Dell,Power Adapter,44.18,6.6,2.48,0.16368000000000002,10.29,23.3,Dell,Medium
SKU-0010,Lenovo_i5_Unk_256GB_14-16in,Lenovo,Motherboard,247.31,36.9,7.3,2.6936999999999998,50.7,20.5,Lenovo,Medium
SKU-0010,Lenovo_i5_Unk_256GB_14-16in,Lenovo,Display Panel,161.56,24.1,2.18,0.5253800000000001,69.15,42.8,Lenovo,Medium
SKU-0010,Lenovo_i5_Unk_256GB_14-16in,Lenovo,Battery,57.36,8.6,3.78,0.32508,10.32,18.0,Lenovo,Medium
SKU-0010,Lenovo_i5_Unk_256GB_14-16in,Lenovo,RAM Module,39.35,5.9,1.1,0.06490000000000001,19.99,50.8,Lenovo,Medium
SKU-0010,Lenovo_i5_Unk_256GB_14-16in,Lenovo,Storage (SSD/HDD),61.6,9.2,2.07,0.19043999999999997,28.27,45.9,Lenovo,Medium
SKU-0010,Lenovo_i5_Unk_256GB_14-16in,Lenovo,Keyboard/Chassis,89.19,13.3,2.82,0.37506,12.66,14.2,Lenovo,Medium
SKU-0010,Lenovo_i5_Unk_256GB_14-16in,Lenovo,Power Adapter,41.78,6.2,2.65,0.1643,9.99,23.9,Lenovo,Medium
SKU-0011,Dell_i5_8GB_256GB_14-16in,Dell,Motherboard,217.47,32.3,7.1,2.2932999999999995,34.14,15.7,Dell,Low
SKU-0011,Dell_i5_8GB_256GB_14-16in,Dell,Display Panel,147.97,22.0,2.72,0.5984,89.08,60.2,Dell,Low
SKU-0011,Dell_i5_8GB_256GB_14-16in,Dell,Battery,56.97,8.5,4.47,0.37995,10.82,19.0,Dell,Low
SKU-0011,Dell_i5_8GB_256GB_14-16in,Dell,RAM Module,40.98,6.1,0.98,0.05978,19.38,47.3,Dell,Low
SKU-0011,Dell_i5_8GB_256GB_14-16in,Dell,Storage (SSD/HDD),66.78,9.9,2.03,0.20096999999999998,24.98,37.4,Dell,Low
SKU-0011,Dell_i5_8GB_256GB_14-16in,Dell,Keyboard/Chassis,89.43,13.3,2.58,0.34314,12.61,14.1,Dell,Low
SKU-0011,Dell_i5_8GB_256GB_14-16in,Dell,Power Adapter,37.33,5.6,2.52,0.14112,10.08,27.0,Dell,Low
SKU-0012,Dell_i7_16GB_512GB_14-16in,Dell,Motherboard,354.1,36.3,11.1,4.0293,61.97,17.5,Dell,Medium
SKU-0012,Dell_i7_16GB_512GB_14-16in,Dell,Display Panel,220.35,22.6,2.67,0.60342,147.85,67.1,Dell,Medium
SKU-0012,Dell_i7_16GB_512GB_14-16in,Dell,Battery,75.22,7.7,4.35,0.33494999999999997,13.99,18.6,Dell,Medium
SKU-0012,Dell_i7_16GB_512GB_14-16in,Dell,RAM Module,61.34,6.3,0.93,0.05859,24.97,40.7,Dell,Medium
SKU-0012,Dell_i7_16GB_512GB_14-16in,Dell,Storage (SSD/HDD),96.08,9.9,2.11,0.20889,33.34,34.7,Dell,Medium
SKU-0012,Dell_i7_16GB_512GB_14-16in,Dell,Keyboard/Chassis,134.9,13.8,2.77,0.38226000000000004,17.81,13.2,Dell,Medium
SKU-0012,Dell_i7_16GB_512GB_14-16in,Dell,Power Adapter,60.36,6.2,2.33,0.14446,17.14,28.4,Dell,Medium
SKU-0013,Lenovo_Unknown_Unk_Unk_Unk,Lenovo,Motherboard,189.34,35.6,8.43,3.0010800000000004,34.84,18.4,Lenovo,Medium
SKU-0013,Lenovo_Unknown_Unk_Unk_Unk,Lenovo,Display Panel,123.17,23.1,2.14,0.49434000000000006,63.31,51.4,Lenovo,Medium
SKU-0013,Lenovo_Unknown_Unk_Unk_Unk,Lenovo,Battery,39.13,7.4,3.77,0.27898000000000006,8.96,22.9,Lenovo,Medium
SKU-0013,Lenovo_Unknown_Unk_Unk_Unk,Lenovo,RAM Module,31.78,6.0,0.88,0.0528,14.27,44.9,Lenovo,Medium
SKU-0013,Lenovo_Unknown_Unk_Unk_Unk,Lenovo,Storage (SSD/HDD),51.6,9.7,1.98,0.19205999999999998,21.57,41.8,Lenovo,Medium
SKU-0013,Lenovo_Unknown_Unk_Unk_Unk,Lenovo,Keyboard/Chassis,81.23,15.3,3.35,0.51255,11.29,13.9,Lenovo,Medium
SKU-0013,Lenovo_Unknown_Unk_Unk_Unk,Lenovo,Power Adapter,32.75,6.2,2.5,0.155,9.07,27.7,Lenovo,Medium
SKU-0014,Dell_i5_16GB_512GB_14-16in,Dell,Motherboard,286.82,37.0,11.3,4.181,57.36,20.0,Dell,Medium
SKU-0014,Dell_i5_16GB_512GB_14-16in,Dell,Display Panel,185.46,23.9,2.56,0.6118399999999999,113.69,61.3,Dell,Medium
SKU-0014,Dell_i5_16GB_512GB_14-16in,Dell,Battery,61.47,7.9,4.05,0.31995,13.89,22.6,Dell,Medium
SKU-0014,Dell_i5_16GB_512GB_14-16in,Dell,RAM Module,49.47,6.4,1.05,0.06720000000000001,20.28,41.0,Dell,Medium
SKU-0014,Dell_i5_16GB_512GB_14-16in,Dell,Storage (SSD/HDD),70.81,9.1,1.76,0.16016,24.22,34.2,Dell,Medium
SKU-0014,Dell_i5_16GB_512GB_14-16in,Dell,Keyboard/Chassis,111.04,14.3,2.85,0.4075500000000001,17.43,15.7,Dell,Medium
SKU-0014,Dell_i5_16GB_512GB_14-16in,Dell,Power Adapter,49.69,6.4,2.14,0.13696,13.62,27.4,Dell,Medium
SKU-0015,Dell_i5_Unk_2TB_14-16in,Dell,Motherboard,307.93,33.0,9.58,3.1614,47.73,15.5,Dell,Medium
SKU-0015,Dell_i5_Unk_2TB_14-16in,Dell,Display Panel,217.95,23.3,2.34,0.54522,129.46,59.4,Dell,Medium
SKU-0015,Dell_i5_Unk_2TB_14-16in,Dell,Battery,75.74,8.1,4.09,0.33129,16.21,21.4,Dell,Medium
SKU-0015,Dell_i5_Unk_2TB_14-16in,Dell,RAM Module,54.61,5.8,1.08,0.06264,23.43,42.9,Dell,Medium
SKU-0015,Dell_i5_Unk_2TB_14-16in,Dell,Storage (SSD/HDD),100.1,10.7,1.96,0.20972,43.04,43.0,Dell,Medium
SKU-0015,Dell_i5_Unk_2TB_14-16in,Dell,Keyboard/Chassis,123.91,13.3,2.89,0.38437000000000004,18.83,15.2,Dell,Medium
SKU-0015,Dell_i5_Unk_2TB_14-16in,Dell,Power Adapter,59.7,6.4,2.37,0.15168,16.72,28.0,Dell,Medium
SKU-0016,Dell_i5_Unk_128GB_12-14in,Dell,Motherboard,237.07,36.4,4.71,1.71444,48.6,20.5,Dell,Medium
SKU-0016,Dell_i5_Unk_128GB_12-14in,Dell,Display Panel,156.37,24.0,2.56,0.6144,119.94,76.7,Dell,Medium
SKU-0016,Dell_i5_Unk_128GB_12-14in,Dell,Battery,47.9,7.3,4.12,0.30075999999999997,9.72,20.3,Dell,Medium
SKU-0016,Dell_i5_Unk_128GB_12-14in,Dell,RAM Module,41.09,6.3,1.09,0.06867000000000001,20.09,48.9,Dell,Medium
SKU-0016,Dell_i5_Unk_128GB_12-14in,Dell,Storage (SSD/HDD),70.82,10.9,2.28,0.24852,32.58,46.0,Dell,Medium
SKU-0016,Dell_i5_Unk_128GB_12-14in,Dell,Keyboard/Chassis,95.61,14.7,3.04,0.44688,15.2,15.9,Dell,Medium
SKU-0016,Dell_i5_Unk_128GB_12-14in,Dell,Power Adapter,36.33,5.6,2.7,0.1512,9.41,25.9,Dell,Medium
SKU-0017,Dell_i7_16GB_2TB_14-16in,Dell,Motherboard,326.43,31.1,5.67,1.7633699999999999,62.35,19.1,Dell,Medium
SKU-0017,Dell_i7_16GB_2TB_14-16in,Dell,Display Panel,231.57,22.1,2.3,0.5083,156.54,67.6,Dell,Medium
SKU-0017,Dell_i7_16GB_2TB_14-16in,Dell,Battery,81.81,7.8,4.38,0.34164,18.57,22.7,Dell,Medium
SKU-0017,Dell_i7_16GB_2TB_14-16in,Dell,RAM Module,64.15,6.1,0.96,0.058559999999999994,30.66,47.8,Dell,Medium
SKU-0017,Dell_i7_16GB_2TB_14-16in,Dell,Storage (SSD/HDD),110.8,10.6,2.04,0.21624,43.32,39.1,Dell,Medium
SKU-0017,Dell_i7_16GB_2TB_14-16in,Dell,Keyboard/Chassis,141.98,13.5,2.94,0.39690000000000003,19.74,13.9,Dell,Medium
SKU-0017,Dell_i7_16GB_2TB_14-16in,Dell,Power Adapter,62.59,6.0,2.17,0.13019999999999998,13.83,22.1,Dell,Medium
SKU-0018,Lenovo_i5_Unk_512GB_14-16in,Lenovo,Motherboard,227.44,32.2,10.14,3.26508,40.71,17.9,Lenovo,Medium
SKU-0018,Lenovo_i5_Unk_512GB_14-16in,Lenovo,Display Panel,166.77,23.6,2.29,0.54044,124.24,74.5,Lenovo,Medium
SKU-0018,Lenovo_i5_Unk_512GB_14-16in,Lenovo,Battery,61.88,8.8,4.07,0.35816000000000003,11.7,18.9,Lenovo,Medium
SKU-0018,Lenovo_i5_Unk_512GB_14-16in,Lenovo,RAM Module,42.59,6.0,1.15,0.06899999999999999,16.7,39.2,Lenovo,Medium
SKU-0018,Lenovo_i5_Unk_512GB_14-16in,Lenovo,Storage (SSD/HDD),73.36,10.4,1.75,0.18200000000000002,26.41,36.0,Lenovo,Medium
SKU-0018,Lenovo_i5_Unk_512GB_14-16in,Lenovo,Keyboard/Chassis,102.71,14.5,2.96,0.42919999999999997,16.02,15.6,Lenovo,Medium
SKU-0018,Lenovo_i5_Unk_512GB_14-16in,Lenovo,Power Adapter,41.38,5.9,2.68,0.15812,11.63,28.1,Lenovo,Medium
SKU-0019,Lenovo_i5_8GB_512GB_14-16in,Lenovo,Motherboard,239.53,33.7,12.54,4.22598,40.24,16.8,Lenovo,Low
SKU-0019,Lenovo_i5_8GB_512GB_14-16in,Lenovo,Display Panel,160.97,22.6,2.42,0.54692,106.08,65.9,Lenovo,Low
SKU-0019,Lenovo_i5_8GB_512GB_14-16in,Lenovo,Battery,52.06,7.3,4.57,0.33361,11.92,22.9,Lenovo,Low
SKU-0019,Lenovo_i5_8GB_512GB_14-16in,Lenovo,RAM Module,38.66,5.4,0.93,0.05022000000000001,16.93,43.8,Lenovo,Low
SKU-0019,Lenovo_i5_8GB_512GB_14-16in,Lenovo,Storage (SSD/HDD),73.71,10.4,1.8,0.18720000000000003,33.1,44.9,Lenovo,Low
SKU-0019,Lenovo_i5_8GB_512GB_14-16in,Lenovo,Keyboard/Chassis,108.46,15.3,3.2,0.48960000000000004,16.81,15.5,Lenovo,Low
SKU-0019,Lenovo_i5_8GB_512GB_14-16in,Lenovo,Power Adapter,39.09,5.5,2.78,0.15289999999999998,9.93,25.4,Lenovo,Low
SKU-0020,Lenovo_i5_Unk_128GB_14-16in,Lenovo,Motherboard,235.45,36.1,5.4,1.9494,37.91,16.1,Lenovo,Medium
SKU-0020,Lenovo_i5_Unk_128GB_14-16in,Lenovo,Display Panel,150.6,23.1,2.42,0.55902,93.22,61.9,Lenovo,Medium
SKU-0020,Lenovo_i5_Unk_128GB_14-16in,Lenovo,Battery,55.69,8.5,3.96,0.3366,10.86,19.5,Lenovo,Medium
SKU-0020,Lenovo_i5_Unk_128GB_14-16in,Lenovo,RAM Module,35.31,5.4,0.87,0.04698000000000001,16.81,47.6,Lenovo,Medium
SKU-0020,Lenovo_i5_Unk_128GB_14-16in,Lenovo,Storage (SSD/HDD),71.72,11.0,2.3,0.253,29.19,40.7,Lenovo,Medium
SKU-0020,Lenovo_i5_Unk_128GB_14-16in,Lenovo,Keyboard/Chassis,95.41,14.6,3.23,0.47157999999999994,13.83,14.5,Lenovo,Medium
SKU-0020,Lenovo_i5_Unk_128GB_14-16in,Lenovo,Power Adapter,38.73,5.9,2.22,0.13098,11.0,28.4,Lenovo,Medium
SKU-0021,HP_Unknown_Unk_Unk_Unk,HP,Motherboard,190.32,35.7,5.32,1.8992400000000003,31.97,16.8,HP,Medium
SKU-0021,HP_Unknown_Unk_Unk_Unk,HP,Display Panel,121.15,22.8,2.52,0.5745600000000001,93.53,77.2,HP,Medium
SKU-0021,HP_Unknown_Unk_Unk_Unk,HP,Battery,45.59,8.6,4.06,0.3491599999999999,9.3,20.4,HP,Medium
SKU-0021,HP_Unknown_Unk_Unk_Unk,HP,RAM Module,33.81,6.4,1.03,0.06592,15.11,44.7,HP,Medium
SKU-0021,HP_Unknown_Unk_Unk_Unk,HP,Storage (SSD/HDD),55.96,10.5,2.07,0.21735,23.73,42.4,HP,Medium
SKU-0021,HP_Unknown_Unk_Unk_Unk,HP,Keyboard/Chassis,80.55,15.1,3.11,0.46960999999999997,13.85,17.2,HP,Medium
SKU-0021,HP_Unknown_Unk_Unk_Unk,HP,Power Adapter,32.52,6.1,2.42,0.14762,7.97,24.5,HP,Medium
SKU-0022,Lenovo_celeron_4GB_32GB_Sub-12in,Lenovo,Motherboard,128.19,35.9,7.06,2.53454,23.97,18.7,Lenovo,Low
SKU-0022,Lenovo_celeron_4GB_32GB_Sub-12in,Lenovo,Display Panel,81.6,22.9,2.72,0.62288,48.72,59.7,Lenovo,Low
SKU-0022,Lenovo_celeron_4GB_32GB_Sub-12in,Lenovo,Battery,28.5,8.0,3.71,0.2968,5.64,19.8,Lenovo,Low
SKU-0022,Lenovo_celeron_4GB_32GB_Sub-12in,Lenovo,RAM Module,21.93,6.1,0.95,0.057949999999999995,9.01,41.1,Lenovo,Low
SKU-0022,Lenovo_celeron_4GB_32GB_Sub-12in,Lenovo,Storage (SSD/HDD),33.83,9.5,1.75,0.16625,12.01,35.5,Lenovo,Low
SKU-0022,Lenovo_celeron_4GB_32GB_Sub-12in,Lenovo,Keyboard/Chassis,50.8,14.2,2.91,0.41322,8.08,15.9,Lenovo,Low
SKU-0022,Lenovo_celeron_4GB_32GB_Sub-12in,Lenovo,Power Adapter,20.05,5.6,2.38,0.13327999999999998,5.61,28.0,Lenovo,Low
SKU-0023,Acer_Unknown_Unk_Unk_Unk,Acer,Motherboard,184.71,34.7,7.91,2.7447700000000004,36.39,19.7,Acer,Medium
SKU-0023,Acer_Unknown_Unk_Unk_Unk,Acer,Display Panel,111.94,21.0,2.26,0.4745999999999999,72.76,65.0,Acer,Medium
SKU-0023,Acer_Unknown_Unk_Unk_Unk,Acer,Battery,42.89,8.1,3.83,0.31023,9.61,22.4,Acer,Medium
SKU-0023,Acer_Unknown_Unk_Unk_Unk,Acer,RAM Module,31.97,6.0,1.06,0.0636,12.4,38.8,Acer,Medium
SKU-0023,Acer_Unknown_Unk_Unk_Unk,Acer,Storage (SSD/HDD),53.04,10.0,2.11,0.211,21.27,40.1,Acer,Medium
SKU-0023,Acer_Unknown_Unk_Unk_Unk,Acer,Keyboard/Chassis,80.81,15.2,2.6,0.3952,11.31,14.0,Acer,Medium
SKU-0023,Acer_Unknown_Unk_Unk_Unk,Acer,Power Adapter,29.29,5.5,2.57,0.14135,8.38,28.6,Acer,Medium
SKU-0024,HP_celeron_4GB_32GB_Sub-12in,HP,Motherboard,124.18,34.8,7.17,2.49516,22.1,17.8,HP,Low
SKU-0024,HP_celeron_4GB_32GB_Sub-12in,HP,Display Panel,71.63,20.1,2.24,0.4502400000000001,37.96,53.0,HP,Low
SKU-0024,HP_celeron_4GB_32GB_Sub-12in,HP,Battery,30.8,8.6,4.01,0.34485999999999994,6.22,20.2,HP,Low
SKU-0024,HP_celeron_4GB_32GB_Sub-12in,HP,RAM Module,22.98,6.4,0.96,0.06144,10.02,43.6,HP,Low
SKU-0024,HP_celeron_4GB_32GB_Sub-12in,HP,Storage (SSD/HDD),37.37,10.5,1.81,0.19005,15.25,40.8,HP,Low
SKU-0024,HP_celeron_4GB_32GB_Sub-12in,HP,Keyboard/Chassis,47.07,13.2,2.84,0.37488,6.26,13.3,HP,Low
SKU-0024,HP_celeron_4GB_32GB_Sub-12in,HP,Power Adapter,20.74,5.8,2.48,0.14384,4.96,23.9,HP,Low
SKU-0025,Dell_i5_16GB_2TB_14-16in,Dell,Motherboard,291.69,34.3,8.71,2.98753,56.3,19.3,Dell,Medium
SKU-0025,Dell_i5_16GB_2TB_14-16in,Dell,Display Panel,189.77,22.3,2.41,0.5374300000000001,85.97,45.3,Dell,Medium
SKU-0025,Dell_i5_16GB_2TB_14-16in,Dell,Battery,70.12,8.2,4.08,0.33455999999999997,13.39,19.1,Dell,Medium
SKU-0025,Dell_i5_16GB_2TB_14-16in,Dell,RAM Module,49.36,5.8,1.13,0.06553999999999999,18.95,38.4,Dell,Medium
SKU-0025,Dell_i5_16GB_2TB_14-16in,Dell,Storage (SSD/HDD),79.25,9.3,1.85,0.17205000000000004,28.45,35.9,Dell,Medium
SKU-0025,Dell_i5_16GB_2TB_14-16in,Dell,Keyboard/Chassis,109.4,12.8,3.28,0.41984,14.22,13.0,Dell,Medium
SKU-0025,Dell_i5_16GB_2TB_14-16in,Dell,Power Adapter,46.81,5.5,2.52,0.1386,11.37,24.3,Dell,Medium
SKU-0026,Dell_i5_8GB_512GB_14-16in,Dell,Motherboard,245.35,34.5,14.04,4.843799999999999,37.54,15.3,Dell,Low
SKU-0026,Dell_i5_8GB_512GB_14-16in,Dell,Display Panel,148.8,20.9,2.25,0.47025,112.34,75.5,Dell,Low
SKU-0026,Dell_i5_8GB_512GB_14-16in,Dell,Battery,59.35,8.3,4.04,0.33532,11.81,19.9,Dell,Low
SKU-0026,Dell_i5_8GB_512GB_14-16in,Dell,RAM Module,44.95,6.3,0.91,0.05733,19.15,42.6,Dell,Low
SKU-0026,Dell_i5_8GB_512GB_14-16in,Dell,Storage (SSD/HDD),66.81,9.4,2.14,0.20116,26.99,40.4,Dell,Low
SKU-0026,Dell_i5_8GB_512GB_14-16in,Dell,Keyboard/Chassis,101.71,14.3,2.81,0.4018300000000001,15.66,15.4,Dell,Low
SKU-0026,Dell_i5_8GB_512GB_14-16in,Dell,Power Adapter,46.33,6.5,2.37,0.15405000000000002,11.91,25.7,Dell,Low
SKU-0027,Lenovo_i5_8GB_256GB_14-16in,Lenovo,Motherboard,207.91,31.0,8.25,2.5575,35.34,17.0,Lenovo,Low
SKU-0027,Lenovo_i5_8GB_256GB_14-16in,Lenovo,Display Panel,135.25,20.2,2.23,0.45045999999999997,56.4,41.7,Lenovo,Low
SKU-0027,Lenovo_i5_8GB_256GB_14-16in,Lenovo,Battery,54.63,8.2,3.97,0.32554,10.65,19.5,Lenovo,Low
SKU-0027,Lenovo_i5_8GB_256GB_14-16in,Lenovo,RAM Module,37.04,5.5,1.11,0.06105000000000001,17.89,48.3,Lenovo,Low
SKU-0027,Lenovo_i5_8GB_256GB_14-16in,Lenovo,Storage (SSD/HDD),61.97,9.2,2.14,0.19688,28.07,45.3,Lenovo,Low
SKU-0027,Lenovo_i5_8GB_256GB_14-16in,Lenovo,Keyboard/Chassis,91.53,13.7,3.38,0.4630599999999999,14.64,16.0,Lenovo,Low
SKU-0027,Lenovo_i5_8GB_256GB_14-16in,Lenovo,Power Adapter,37.3,5.6,2.72,0.15231999999999998,8.5,22.8,Lenovo,Low
SKU-0028,Microsoft_i5_8GB_256GB_12-14in,Microsoft,Motherboard,216.53,32.2,11.55,3.7191000000000005,43.74,20.2,Microsoft,Medium
SKU-0028,Microsoft_i5_8GB_256GB_12-14in,Microsoft,Display Panel,159.09,23.7,2.42,0.5735399999999999,88.14,55.4,Microsoft,Medium
SKU-0028,Microsoft_i5_8GB_256GB_12-14in,Microsoft,Battery,56.09,8.3,4.48,0.37184000000000006,11.61,20.7,Microsoft,Medium
SKU-0028,Microsoft_i5_8GB_256GB_12-14in,Microsoft,RAM Module,42.34,6.3,1.0,0.063,17.53,41.4,Microsoft,Medium
SKU-0028,Microsoft_i5_8GB_256GB_12-14in,Microsoft,Storage (SSD/HDD),65.78,9.8,2.02,0.19796,22.89,34.8,Microsoft,Medium
SKU-0028,Microsoft_i5_8GB_256GB_12-14in,Microsoft,Keyboard/Chassis,96.48,14.3,2.66,0.38038000000000005,16.4,17.0,Microsoft,Medium
SKU-0028,Microsoft_i5_8GB_256GB_12-14in,Microsoft,Power Adapter,42.2,6.3,2.65,0.16695,9.5,22.5,Microsoft,Medium
SKU-0029,Lenovo_i7_16GB_512GB_14-16in,Lenovo,Motherboard,357.54,36.7,10.28,3.7727600000000003,57.56,16.1,Lenovo,Medium
SKU-0029,Lenovo_i7_16GB_512GB_14-16in,Lenovo,Display Panel,223.33,22.9,2.71,0.62059,121.71,54.5,Lenovo,Medium
SKU-0029,Lenovo_i7_16GB_512GB_14-16in,Lenovo,Battery,79.07,8.1,4.31,0.34911,17.63,22.3,Lenovo,Medium
SKU-0029,Lenovo_i7_16GB_512GB_14-16in,Lenovo,RAM Module,53.84,5.5,1.01,0.05555,23.37,43.4,Lenovo,Medium
SKU-0029,Lenovo_i7_16GB_512GB_14-16in,Lenovo,Storage (SSD/HDD),90.22,9.3,1.94,0.18042000000000002,39.34,43.6,Lenovo,Medium
SKU-0029,Lenovo_i7_16GB_512GB_14-16in,Lenovo,Keyboard/Chassis,136.1,14.0,2.92,0.40880000000000005,22.05,16.2,Lenovo,Medium
SKU-0029,Lenovo_i7_16GB_512GB_14-16in,Lenovo,Power Adapter,60.14,6.2,2.65,0.1643,15.22,25.3,Lenovo,Medium
SKU-0030,Asus_Unknown_Unk_Unk_Unk,Asus,Motherboard,197.64,37.1,8.85,3.28335,32.61,16.5,Asus,Low
SKU-0030,Asus_Unknown_Unk_Unk_Unk,Asus,Display Panel,116.24,21.8,2.84,0.61912,72.65,62.5,Asus,Low
SKU-0030,Asus_Unknown_Unk_Unk_Unk,Asus,Battery,39.52,7.4,3.52,0.26048000000000004,7.31,18.5,Asus,Low
SKU-0030,Asus_Unknown_Unk_Unk_Unk,Asus,RAM Module,34.32,6.4,1.13,0.07232,15.75,45.9,Asus,Low
SKU-0030,Asus_Unknown_Unk_Unk_Unk,Asus,Storage (SSD/HDD),56.33,10.6,1.71,0.18126,23.55,41.8,Asus,Low
SKU-0030,Asus_Unknown_Unk_Unk_Unk,Asus,Keyboard/Chassis,75.67,14.2,3.1,0.4402,11.12,14.7,Asus,Low
SKU-0030,Asus_Unknown_Unk_Unk_Unk,Asus,Power Adapter,29.42,5.5,2.76,0.1518,8.27,28.1,Asus,Low
SKU-0031,HP_i5_16GB_512GB_14-16in,HP,Motherboard,281.29,36.3,4.8,1.7424,57.1,20.3,HP,Medium
SKU-0031,HP_i5_16GB_512GB_14-16in,HP,Display Panel,171.1,22.1,2.57,0.56797,123.71,72.3,HP,Medium
SKU-0031,HP_i5_16GB_512GB_14-16in,HP,Battery,65.01,8.4,3.65,0.30660000000000004,14.11,21.7,HP,Medium
SKU-0031,HP_i5_16GB_512GB_14-16in,HP,RAM Module,44.94,5.8,0.97,0.05626,20.45,45.5,HP,Medium
SKU-0031,HP_i5_16GB_512GB_14-16in,HP,Storage (SSD/HDD),84.03,10.8,1.98,0.21384000000000003,33.44,39.8,HP,Medium
SKU-0031,HP_i5_16GB_512GB_14-16in,HP,Keyboard/Chassis,107.44,13.9,2.75,0.38225000000000003,15.9,14.8,HP,Medium
SKU-0031,HP_i5_16GB_512GB_14-16in,HP,Power Adapter,44.15,5.7,2.56,0.14592000000000002,9.93,22.5,HP,Medium
SKU-0032,HP_i5_8GB_512GB_14-16in,HP,Motherboard,245.57,34.5,12.29,4.240049999999999,37.82,15.4,HP,Medium
SKU-0032,HP_i5_8GB_512GB_14-16in,HP,Display Panel,156.85,22.1,2.86,0.63206,86.58,55.2,HP,Medium
SKU-0032,HP_i5_8GB_512GB_14-16in,HP,Battery,55.89,7.9,3.5,0.2765,12.85,23.0,HP,Medium
SKU-0032,HP_i5_8GB_512GB_14-16in,HP,RAM Module,40.94,5.8,0.94,0.05451999999999999,17.85,43.6,HP,Medium
SKU-0032,HP_i5_8GB_512GB_14-16in,HP,Storage (SSD/HDD),66.96,9.4,2.24,0.21056000000000002,24.44,36.5,HP,Medium
SKU-0032,HP_i5_8GB_512GB_14-16in,HP,Keyboard/Chassis,102.0,14.3,2.89,0.4132700000000001,16.83,16.5,HP,Medium
SKU-0032,HP_i5_8GB_512GB_14-16in,HP,Power Adapter,38.94,5.5,2.71,0.14905,9.58,24.6,HP,Medium
SKU-0033,Other/Unbranded_pentium_Unk_Unk_14-16in,Other/Unbranded,Motherboard,150.33,34.0,9.47,3.2198000000000007,23.9,15.9,Other/Unbranded,Low
SKU-0033,Other/Unbranded_pentium_Unk_Unk_14-16in,Other/Unbranded,Display Panel,104.37,23.6,2.83,0.66788,59.7,57.2,Other/Unbranded,Low
SKU-0033,Other/Unbranded_pentium_Unk_Unk_14-16in,Other/Unbranded,Battery,38.21,8.6,4.03,0.34658,8.33,21.8,Other/Unbranded,Low
SKU-0033,Other/Unbranded_pentium_Unk_Unk_14-16in,Other/Unbranded,RAM Module,24.72,5.6,1.06,0.059359999999999996,11.64,47.1,Other/Unbranded,Low
SKU-0033,Other/Unbranded_pentium_Unk_Unk_14-16in,Other/Unbranded,Storage (SSD/HDD),44.7,10.1,1.85,0.18685,16.27,36.4,Other/Unbranded,Low
SKU-0033,Other/Unbranded_pentium_Unk_Unk_14-16in,Other/Unbranded,Keyboard/Chassis,57.03,12.9,3.27,0.42183000000000004,7.76,13.6,Other/Unbranded,Low
SKU-0033,Other/Unbranded_pentium_Unk_Unk_14-16in,Other/Unbranded,Power Adapter,26.85,6.1,2.67,0.16287,7.33,27.3,Other/Unbranded,Low
SKU-0034,Lenovo_i5_16GB_512GB_14-16in,Lenovo,Motherboard,280.83,36.2,9.96,3.6055200000000007,53.08,18.9,Lenovo,Low
SKU-0034,Lenovo_i5_16GB_512GB_14-16in,Lenovo,Display Panel,167.26,21.6,2.37,0.51192,103.53,61.9,Lenovo,Low
SKU-0034,Lenovo_i5_16GB_512GB_14-16in,Lenovo,Battery,56.85,7.3,3.65,0.26644999999999996,9.78,17.2,Lenovo,Low
SKU-0034,Lenovo_i5_16GB_512GB_14-16in,Lenovo,RAM Module,47.26,6.1,0.98,0.05978,23.77,50.3,Lenovo,Low
SKU-0034,Lenovo_i5_16GB_512GB_14-16in,Lenovo,Storage (SSD/HDD),79.41,10.2,1.9,0.19379999999999997,34.86,43.9,Lenovo,Low
SKU-0034,Lenovo_i5_16GB_512GB_14-16in,Lenovo,Keyboard/Chassis,110.43,14.3,2.79,0.39897000000000005,17.23,15.6,Lenovo,Low
SKU-0034,Lenovo_i5_16GB_512GB_14-16in,Lenovo,Power Adapter,49.03,6.3,2.4,0.1512,13.58,27.7,Lenovo,Low
SKU-0035,Dell_celeron_4GB_32GB_Sub-12in,Dell,Motherboard,112.58,31.6,13.42,4.24072,20.15,17.9,Dell,Low
SKU-0035,Dell_celeron_4GB_32GB_Sub-12in,Dell,Display Panel,78.04,21.9,2.26,0.4949399999999999,52.76,67.6,Dell,Low
SKU-0035,Dell_celeron_4GB_32GB_Sub-12in,Dell,Battery,27.22,7.6,4.05,0.30779999999999996,5.66,20.8,Dell,Low
SKU-0035,Dell_celeron_4GB_32GB_Sub-12in,Dell,RAM Module,20.2,5.7,1.04,0.059280000000000006,8.87,43.9,Dell,Low
SKU-0035,Dell_celeron_4GB_32GB_Sub-12in,Dell,Storage (SSD/HDD),35.86,10.1,1.8,0.1818,13.38,37.3,Dell,Low
SKU-0035,Dell_celeron_4GB_32GB_Sub-12in,Dell,Keyboard/Chassis,53.17,14.9,3.03,0.4514699999999999,8.72,16.4,Dell,Low
SKU-0035,Dell_celeron_4GB_32GB_Sub-12in,Dell,Power Adapter,20.44,5.7,2.54,0.14478000000000002,5.33,26.1,Dell,Low
SKU-0036,Lenovo_i5_Unk_1TB_14-16in,Lenovo,Motherboard,229.23,31.5,6.89,2.17035,45.85,20.0,Lenovo,Medium
SKU-0036,Lenovo_i5_Unk_1TB_14-16in,Lenovo,Display Panel,151.97,20.9,2.6,0.5434,68.84,45.3,Lenovo,Medium
SKU-0036,Lenovo_i5_Unk_1TB_14-16in,Lenovo,Battery,62.98,8.7,3.9,0.3393,12.16,19.3,Lenovo,Medium
SKU-0036,Lenovo_i5_Unk_1TB_14-16in,Lenovo,RAM Module,39.67,5.5,0.9,0.0495,19.12,48.2,Lenovo,Medium
SKU-0036,Lenovo_i5_Unk_1TB_14-16in,Lenovo,Storage (SSD/HDD),66.74,9.2,2.16,0.19872,23.23,34.8,Lenovo,Medium
SKU-0036,Lenovo_i5_Unk_1TB_14-16in,Lenovo,Keyboard/Chassis,97.48,13.4,2.87,0.38458000000000003,15.6,16.0,Lenovo,Medium
SKU-0036,Lenovo_i5_Unk_1TB_14-16in,Lenovo,Power Adapter,44.58,6.1,2.84,0.17323999999999998,10.79,24.2,Lenovo,Medium
SKU-0037,Other/Unbranded_i3_Unk_256GB_12-14in,Other/Unbranded,Motherboard,176.34,32.1,10.31,3.3095100000000004,29.45,16.7,Other/Unbranded,Medium
SKU-0037,Other/Unbranded_i3_Unk_256GB_12-14in,Other/Unbranded,Display Panel,129.27,23.5,2.76,0.6486,98.37,76.1,Other/Unbranded,Medium
SKU-0037,Other/Unbranded_i3_Unk_256GB_12-14in,Other/Unbranded,Battery,42.54,7.7,4.33,0.33341,7.49,17.6,Other/Unbranded,Medium
SKU-0037,Other/Unbranded_i3_Unk_256GB_12-14in,Other/Unbranded,RAM Module,32.02,5.8,0.97,0.05626,15.31,47.8,Other/Unbranded,Medium
SKU-0037,Other/Unbranded_i3_Unk_256GB_12-14in,Other/Unbranded,Storage (SSD/HDD),54.28,9.9,1.85,0.18315,23.77,43.8,Other/Unbranded,Medium
SKU-0037,Other/Unbranded_i3_Unk_256GB_12-14in,Other/Unbranded,Keyboard/Chassis,69.34,12.6,3.42,0.43091999999999997,8.88,12.8,Other/Unbranded,Medium
SKU-0037,Other/Unbranded_i3_Unk_256GB_12-14in,Other/Unbranded,Power Adapter,32.08,5.8,2.19,0.12702,9.01,28.1,Other/Unbranded,Medium
SKU-0038,Dell_i7_32GB_2TB_14-16in,Dell,Motherboard,422.45,31.9,12.25,3.90775,84.49,20.0,Dell,Medium
SKU-0038,Dell_i7_32GB_2TB_14-16in,Dell,Display Panel,299.83,22.6,2.69,0.60794,186.79,62.3,Dell,Medium
SKU-0038,Dell_i7_32GB_2TB_14-16in,Dell,Battery,113.49,8.6,3.7,0.3182,22.58,19.9,Dell,Medium
SKU-0038,Dell_i7_32GB_2TB_14-16in,Dell,RAM Module,82.63,6.2,0.87,0.05394,39.08,47.3,Dell,Medium
SKU-0038,Dell_i7_32GB_2TB_14-16in,Dell,Storage (SSD/HDD),138.05,10.4,2.26,0.23504,49.97,36.2,Dell,Medium
SKU-0038,Dell_i7_32GB_2TB_14-16in,Dell,Keyboard/Chassis,184.65,13.9,2.83,0.39337000000000005,24.56,13.3,Dell,Medium
SKU-0038,Dell_i7_32GB_2TB_14-16in,Dell,Power Adapter,76.34,5.8,2.82,0.16355999999999998,21.76,28.5,Dell,Medium
SKU-0039,Other/Unbranded_i5_8GB_512GB_12-14in,Other/Unbranded,Motherboard,208.64,31.0,10.72,3.3232000000000004,37.76,18.1,Other/Unbranded,Medium
SKU-0039,Other/Unbranded_i5_8GB_512GB_12-14in,Other/Unbranded,Display Panel,134.47,20.0,2.57,0.514,83.24,61.9,Other/Unbranded,Medium
SKU-0039,Other/Unbranded_i5_8GB_512GB_12-14in,Other/Unbranded,Battery,49.33,7.3,4.24,0.30952,9.37,19.0,Other/Unbranded,Medium
SKU-0039,Other/Unbranded_i5_8GB_512GB_12-14in,Other/Unbranded,RAM Module,39.64,5.9,1.02,0.060180000000000004,19.46,49.1,Other/Unbranded,Medium
SKU-0039,Other/Unbranded_i5_8GB_512GB_12-14in,Other/Unbranded,Storage (SSD/HDD),71.28,10.6,1.89,0.20034,29.58,41.5,Other/Unbranded,Medium
SKU-0039,Other/Unbranded_i5_8GB_512GB_12-14in,Other/Unbranded,Keyboard/Chassis,92.92,13.8,3.34,0.46092,13.57,14.6,Other/Unbranded,Medium
SKU-0039,Other/Unbranded_i5_8GB_512GB_12-14in,Other/Unbranded,Power Adapter,43.41,6.4,2.14,0.13696,12.07,27.8,Other/Unbranded,Medium
SKU-0040,Lenovo_i7_16GB_2TB_14-16in,Lenovo,Motherboard,326.8,31.1,6.46,2.00906,50.98,15.6,Lenovo,Medium
SKU-0040,Lenovo_i7_16GB_2TB_14-16in,Lenovo,Display Panel,226.81,21.6,2.48,0.53568,171.92,75.8,Lenovo,Medium
SKU-0040,Lenovo_i7_16GB_2TB_14-16in,Lenovo,Battery,80.29,7.6,3.88,0.29488,14.13,17.6,Lenovo,Medium
SKU-0040,Lenovo_i7_16GB_2TB_14-16in,Lenovo,RAM Module,63.38,6.0,1.07,0.06420000000000001,24.27,38.3,Lenovo,Medium
SKU-0040,Lenovo_i7_16GB_2TB_14-16in,Lenovo,Storage (SSD/HDD),102.1,9.7,1.87,0.18139,38.39,37.6,Lenovo,Medium
SKU-0040,Lenovo_i7_16GB_2TB_14-16in,Lenovo,Keyboard/Chassis,133.74,12.7,2.57,0.32638999999999996,23.0,17.2,Lenovo,Medium
SKU-0040,Lenovo_i7_16GB_2TB_14-16in,Lenovo,Power Adapter,58.17,5.5,2.42,0.1331,12.91,22.2,Lenovo,Medium
SKU-0041,Other/Unbranded_i5_Unk_256GB_12-14in,Other/Unbranded,Motherboard,224.04,33.4,12.02,4.014679999999999,45.7,20.4,Other/Unbranded,Medium
SKU-0041,Other/Unbranded_i5_Unk_256GB_12-14in,Other/Unbranded,Display Panel,159.3,23.8,2.87,0.6830600000000001,81.56,51.2,Other/Unbranded,Medium
SKU-0041,Other/Unbranded_i5_Unk_256GB_12-14in,Other/Unbranded,Battery,50.72,7.6,4.53,0.34428000000000003,10.6,20.9,Other/Unbranded,Medium
SKU-0041,Other/Unbranded_i5_Unk_256GB_12-14in,Other/Unbranded,RAM Module,42.86,6.4,0.89,0.056960000000000004,16.67,38.9,Other/Unbranded,Medium
SKU-0041,Other/Unbranded_i5_Unk_256GB_12-14in,Other/Unbranded,Storage (SSD/HDD),63.25,9.4,1.81,0.17014,27.45,43.4,Other/Unbranded,Medium
SKU-0041,Other/Unbranded_i5_Unk_256GB_12-14in,Other/Unbranded,Keyboard/Chassis,99.44,14.8,3.12,0.46176000000000006,13.62,13.7,Other/Unbranded,Medium
SKU-0041,Other/Unbranded_i5_Unk_256GB_12-14in,Other/Unbranded,Power Adapter,43.64,6.5,2.87,0.18655000000000002,9.86,22.6,Other/Unbranded,Medium
SKU-0042,Lenovo_i3_Unk_128GB_12-14in,Lenovo,Motherboard,198.84,37.4,9.65,3.6091,35.39,17.8,Lenovo,Medium
SKU-0042,Lenovo_i3_Unk_128GB_12-14in,Lenovo,Display Panel,110.58,20.8,2.53,0.52624,67.9,61.4,Lenovo,Medium
SKU-0042,Lenovo_i3_Unk_128GB_12-14in,Lenovo,Battery,45.63,8.6,3.95,0.3397,8.81,19.3,Lenovo,Medium
SKU-0042,Lenovo_i3_Unk_128GB_12-14in,Lenovo,RAM Module,31.77,6.0,0.86,0.0516,15.82,49.8,Lenovo,Medium
SKU-0042,Lenovo_i3_Unk_128GB_12-14in,Lenovo,Storage (SSD/HDD),56.49,10.6,2.09,0.22154,22.93,40.6,Lenovo,Medium
SKU-0042,Lenovo_i3_Unk_128GB_12-14in,Lenovo,Keyboard/Chassis,73.12,13.7,2.89,0.39592999999999995,10.16,13.9,Lenovo,Medium
SKU-0042,Lenovo_i3_Unk_128GB_12-14in,Lenovo,Power Adapter,29.04,5.5,2.52,0.1386,8.28,28.5,Lenovo,Medium
SKU-0043,Microsoft_i5_8GB_512GB_12-14in,Microsoft,Motherboard,258.65,36.4,9.95,3.6217999999999995,46.3,17.9,Microsoft,Low
SKU-0043,Microsoft_i5_8GB_512GB_12-14in,Microsoft,Display Panel,169.09,23.8,2.55,0.6069,83.87,49.6,Microsoft,Low
SKU-0043,Microsoft_i5_8GB_512GB_12-14in,Microsoft,Battery,57.61,8.1,3.72,0.30132000000000003,12.85,22.3,Microsoft,Low
SKU-0043,Microsoft_i5_8GB_512GB_12-14in,Microsoft,RAM Module,45.79,6.4,0.92,0.05888,18.5,40.4,Microsoft,Low
SKU-0043,Microsoft_i5_8GB_512GB_12-14in,Microsoft,Storage (SSD/HDD),74.04,10.4,2.2,0.22880000000000003,31.39,42.4,Microsoft,Low
SKU-0043,Microsoft_i5_8GB_512GB_12-14in,Microsoft,Keyboard/Chassis,91.67,12.9,3.18,0.41022000000000003,12.47,13.6,Microsoft,Low
SKU-0043,Microsoft_i5_8GB_512GB_12-14in,Microsoft,Power Adapter,45.9,6.5,2.78,0.1807,9.87,21.5,Microsoft,Low
SKU-0044,Other/Unbranded_i5_Unk_256GB_14-16in,Other/Unbranded,Motherboard,215.44,32.2,5.1,1.6421999999999999,32.96,15.3,Other/Unbranded,Medium
SKU-0044,Other/Unbranded_i5_Unk_256GB_14-16in,Other/Unbranded,Display Panel,157.19,23.5,2.51,0.5898499999999999,93.21,59.3,Other/Unbranded,Medium
SKU-0044,Other/Unbranded_i5_Unk_256GB_14-16in,Other/Unbranded,Battery,49.14,7.3,3.79,0.27666999999999997,10.02,20.4,Other/Unbranded,Medium
SKU-0044,Other/Unbranded_i5_Unk_256GB_14-16in,Other/Unbranded,RAM Module,38.27,5.7,1.04,0.059280000000000006,17.41,45.5,Other/Unbranded,Medium
SKU-0044,Other/Unbranded_i5_Unk_256GB_14-16in,Other/Unbranded,Storage (SSD/HDD),62.02,9.3,1.87,0.17391000000000004,21.21,34.2,Other/Unbranded,Medium
SKU-0044,Other/Unbranded_i5_Unk_256GB_14-16in,Other/Unbranded,Keyboard/Chassis,102.49,15.3,2.86,0.43757999999999997,15.99,15.6,Other/Unbranded,Medium
SKU-0044,Other/Unbranded_i5_Unk_256GB_14-16in,Other/Unbranded,Power Adapter,42.24,6.3,2.72,0.17136,9.55,22.6,Other/Unbranded,Medium
SKU-0045,HP_i7_16GB_512GB_14-16in,HP,Motherboard,344.59,35.4,4.39,1.5540599999999998,63.4,18.4,HP,Medium
SKU-0045,HP_i7_16GB_512GB_14-16in,HP,Display Panel,195.13,20.1,2.18,0.43818000000000007,116.49,59.7,HP,Medium
SKU-0045,HP_i7_16GB_512GB_14-16in,HP,Battery,85.21,8.8,4.56,0.40128,18.32,21.5,HP,Medium
SKU-0045,HP_i7_16GB_512GB_14-16in,HP,RAM Module,59.48,6.1,0.97,0.05917,23.26,39.1,HP,Medium
SKU-0045,HP_i7_16GB_512GB_14-16in,HP,Storage (SSD/HDD),93.87,9.6,1.99,0.19104000000000002,40.55,43.2,HP,Medium
SKU-0045,HP_i7_16GB_512GB_14-16in,HP,Keyboard/Chassis,134.75,13.8,2.8,0.3864,23.18,17.2,HP,Medium
SKU-0045,HP_i7_16GB_512GB_14-16in,HP,Power Adapter,53.74,5.5,2.77,0.15235,13.54,25.2,HP,Medium
SKU-0046,HP_i5_8GB_256GB_14-16in,HP,Motherboard,209.52,31.2,10.59,3.30408,39.39,18.8,HP,Medium
SKU-0046,HP_i5_8GB_256GB_14-16in,HP,Display Panel,158.82,23.6,2.85,0.6726000000000001,70.52,44.4,HP,Medium
SKU-0046,HP_i5_8GB_256GB_14-16in,HP,Battery,58.56,8.7,3.9,0.3393,12.18,20.8,HP,Medium
SKU-0046,HP_i5_8GB_256GB_14-16in,HP,RAM Module,42.44,6.3,0.98,0.061739999999999996,18.04,42.5,HP,Medium
SKU-0046,HP_i5_8GB_256GB_14-16in,HP,Storage (SSD/HDD),63.61,9.5,1.83,0.17385,21.88,34.4,HP,Medium
SKU-0046,HP_i5_8GB_256GB_14-16in,HP,Keyboard/Chassis,98.18,14.6,3.06,0.44676,14.63,14.9,HP,Medium
SKU-0046,HP_i5_8GB_256GB_14-16in,HP,Power Adapter,44.12,6.6,2.26,0.14916,12.27,27.8,HP,Medium
SKU-0047,Dell_i5_Unk_Unk_14-16in,Dell,Motherboard,230.0,34.2,4.9,1.6758000000000002,45.08,19.6,Dell,Low
SKU-0047,Dell_i5_Unk_Unk_14-16in,Dell,Display Panel,134.1,19.9,2.82,0.5611799999999999,81.4,60.7,Dell,Low
SKU-0047,Dell_i5_Unk_Unk_14-16in,Dell,Battery,53.38,7.9,3.4,0.2686,11.0,20.6,Dell,Low
SKU-0047,Dell_i5_Unk_Unk_14-16in,Dell,RAM Module,38.31,5.7,1.02,0.058140000000000004,15.82,41.3,Dell,Low
SKU-0047,Dell_i5_Unk_Unk_14-16in,Dell,Storage (SSD/HDD),68.34,10.2,1.86,0.18972,29.8,43.6,Dell,Low
SKU-0047,Dell_i5_Unk_Unk_14-16in,Dell,Keyboard/Chassis,103.25,15.4,2.68,0.41272000000000003,15.28,14.8,Dell,Low
SKU-0047,Dell_i5_Unk_Unk_14-16in,Dell,Power Adapter,39.48,5.9,2.48,0.14632,10.19,25.8,Dell,Low
SKU-0048,Dell_i5_16GB_256GB_14-16in,Dell,Motherboard,261.18,37.1,10.95,4.06245,50.15,19.2,Dell,Low
SKU-0048,Dell_i5_16GB_256GB_14-16in,Dell,Display Panel,142.72,20.3,2.31,0.46893000000000007,110.75,77.6,Dell,Low
SKU-0048,Dell_i5_16GB_256GB_14-16in,Dell,Battery,50.92,7.2,3.98,0.28656000000000004,9.32,18.3,Dell,Low
SKU-0048,Dell_i5_16GB_256GB_14-16in,Dell,RAM Module,42.77,6.1,0.85,0.05185,18.26,42.7,Dell,Low
SKU-0048,Dell_i5_16GB_256GB_14-16in,Dell,Storage (SSD/HDD),70.92,10.1,2.23,0.22522999999999999,24.82,35.0,Dell,Low
SKU-0048,Dell_i5_16GB_256GB_14-16in,Dell,Keyboard/Chassis,90.3,12.8,2.91,0.37248000000000003,12.01,13.3,Dell,Low
SKU-0048,Dell_i5_16GB_256GB_14-16in,Dell,Power Adapter,39.74,5.6,2.64,0.14784,10.89,27.4,Dell,Low
SKU-0049,Dell_i7_16GB_1TB_14-16in,Dell,Motherboard,366.04,34.9,6.2,2.1637999999999997,56.74,15.5,Dell,Medium
SKU-0049,Dell_i7_16GB_1TB_14-16in,Dell,Display Panel,235.94,22.5,2.58,0.5805,106.64,45.2,Dell,Medium
SKU-0049,Dell_i7_16GB_1TB_14-16in,Dell,Battery,90.06,8.6,4.26,0.36635999999999996,19.63,21.8,Dell,Medium
SKU-0049,Dell_i7_16GB_1TB_14-16in,Dell,RAM Module,66.84,6.4,0.87,0.05568,33.62,50.3,Dell,Medium
SKU-0049,Dell_i7_16GB_1TB_14-16in,Dell,Storage (SSD/HDD),106.84,10.2,2.17,0.22133999999999998,42.52,39.8,Dell,Medium
SKU-0049,Dell_i7_16GB_1TB_14-16in,Dell,Keyboard/Chassis,136.86,13.1,2.94,0.38514,21.9,16.0,Dell,Medium
SKU-0049,Dell_i7_16GB_1TB_14-16in,Dell,Power Adapter,59.7,5.7,2.24,0.12768000000000002,16.6,27.8,Dell,Medium
SKU-0050,Dell_i5_8GB_256GB_12-14in,Dell,Motherboard,214.08,31.8,13.38,4.254840000000001,40.46,18.9,Dell,Low
SKU-0050,Dell_i5_8GB_256GB_12-14in,Dell,Display Panel,137.92,20.5,2.14,0.4387,79.44,57.6,Dell,Low
SKU-0050,Dell_i5_8GB_256GB_12-14in,Dell,Battery,59.13,8.8,4.57,0.4021600000000001,12.36,20.9,Dell,Low
SKU-0050,Dell_i5_8GB_256GB_12-14in,Dell,RAM Module,39.56,5.9,0.92,0.05428000000000001,17.37,43.9,Dell,Low
SKU-0050,Dell_i5_8GB_256GB_12-14in,Dell,Storage (SSD/HDD),63.98,9.5,1.98,0.1881,28.41,44.4,Dell,Low
SKU-0050,Dell_i5_8GB_256GB_12-14in,Dell,Keyboard/Chassis,92.55,13.8,3.31,0.45678,14.44,15.6,Dell,Low
SKU-0050,Dell_i5_8GB_256GB_12-14in,Dell,Power Adapter,39.3,5.8,2.87,0.16646,8.49,21.6,Dell,Low
SKU-0051,Lenovo_i3_Unk_1TB_14-16in,Lenovo,Motherboard,202.66,30.8,8.34,2.56872,37.69,18.6,Lenovo,Medium
SKU-0051,Lenovo_i3_Unk_1TB_14-16in,Lenovo,Display Panel,156.36,23.8,2.44,0.58072,91.31,58.4,Lenovo,Medium
SKU-0051,Lenovo_i3_Unk_1TB_14-16in,Lenovo,Battery,50.36,7.7,3.83,0.29491,9.72,19.3,Lenovo,Medium
SKU-0051,Lenovo_i3_Unk_1TB_14-16in,Lenovo,RAM Module,40.52,6.2,1.07,0.06634000000000001,16.21,40.0,Lenovo,Medium
SKU-0051,Lenovo_i3_Unk_1TB_14-16in,Lenovo,Storage (SSD/HDD),64.55,9.8,2.06,0.20188,26.85,41.6,Lenovo,Medium
SKU-0051,Lenovo_i3_Unk_1TB_14-16in,Lenovo,Keyboard/Chassis,100.8,15.3,2.71,0.41463,16.73,16.6,Lenovo,Medium
SKU-0051,Lenovo_i3_Unk_1TB_14-16in,Lenovo,Power Adapter,38.98,5.9,2.2,0.12980000000000003,9.47,24.3,Lenovo,Medium
SKU-0052,Dell_i7_Unk_Unk_14-16in,Dell,Motherboard,302.13,34.6,7.75,2.6815,52.57,17.4,Dell,Low
SKU-0052,Dell_i7_Unk_Unk_14-16in,Dell,Display Panel,188.05,21.6,2.77,0.5983200000000001,89.51,47.6,Dell,Low
SKU-0052,Dell_i7_Unk_Unk_14-16in,Dell,Battery,73.61,8.4,3.56,0.29904000000000003,16.78,22.8,Dell,Low
SKU-0052,Dell_i7_Unk_Unk_14-16in,Dell,RAM Module,49.57,5.7,1.12,0.06384000000000001,21.91,44.2,Dell,Low
SKU-0052,Dell_i7_Unk_Unk_14-16in,Dell,Storage (SSD/HDD),87.59,10.0,1.9,0.19,38.45,43.9,Dell,Low
SKU-0052,Dell_i7_Unk_Unk_14-16in,Dell,Keyboard/Chassis,120.9,13.9,3.08,0.42812000000000006,20.55,17.0,Dell,Low
SKU-0052,Dell_i7_Unk_Unk_14-16in,Dell,Power Adapter,48.86,5.6,2.25,0.126,10.5,21.5,Dell,Low
SKU-0053,Lenovo_i5_Unk_256GB_12-14in,Lenovo,Motherboard,240.64,35.9,7.81,2.80379,42.59,17.7,Lenovo,Medium
SKU-0053,Lenovo_i5_Unk_256GB_12-14in,Lenovo,Display Panel,158.26,23.6,2.28,0.53808,85.3,53.9,Lenovo,Medium
SKU-0053,Lenovo_i5_Unk_256GB_12-14in,Lenovo,Battery,58.82,8.8,3.55,0.3124,10.82,18.4,Lenovo,Medium
SKU-0053,Lenovo_i5_Unk_256GB_12-14in,Lenovo,RAM Module,36.5,5.4,0.89,0.048060000000000005,16.21,44.4,Lenovo,Medium
SKU-0053,Lenovo_i5_Unk_256GB_12-14in,Lenovo,Storage (SSD/HDD),61.49,9.2,1.76,0.16192,25.21,41.0,Lenovo,Medium
SKU-0053,Lenovo_i5_Unk_256GB_12-14in,Lenovo,Keyboard/Chassis,87.2,13.0,3.44,0.4472,14.91,17.1,Lenovo,Medium
SKU-0053,Lenovo_i5_Unk_256GB_12-14in,Lenovo,Power Adapter,36.32,5.4,2.37,0.12798,10.35,28.5,Lenovo,Medium
SKU-0054,Dell_i7_16GB_512GB_12-14in,Dell,Motherboard,330.69,33.9,8.55,2.89845,53.24,16.1,Dell,Medium
SKU-0054,Dell_i7_16GB_512GB_12-14in,Dell,Display Panel,199.17,20.4,2.83,0.5773199999999999,128.86,64.7,Dell,Medium
SKU-0054,Dell_i7_16GB_512GB_12-14in,Dell,Battery,85.31,8.8,3.51,0.30888,17.92,21.0,Dell,Medium
SKU-0054,Dell_i7_16GB_512GB_12-14in,Dell,RAM Module,55.38,5.7,1.14,0.06498,23.09,41.7,Dell,Medium
SKU-0054,Dell_i7_16GB_512GB_12-14in,Dell,Storage (SSD/HDD),104.07,10.7,2.27,0.24289,43.92,42.2,Dell,Medium
SKU-0054,Dell_i7_16GB_512GB_12-14in,Dell,Keyboard/Chassis,129.49,13.3,3.3,0.4389,21.5,16.6,Dell,Medium
SKU-0054,Dell_i7_16GB_512GB_12-14in,Dell,Power Adapter,52.99,5.4,2.82,0.15228,13.99,26.4,Dell,Medium
SKU-0055,Lenovo_i5_16GB_256GB_14-16in,Lenovo,Motherboard,266.74,36.2,9.77,3.5367400000000004,49.08,18.4,Lenovo,Medium
SKU-0055,Lenovo_i5_16GB_256GB_14-16in,Lenovo,Display Panel,150.97,20.5,2.58,0.5289,104.47,69.2,Lenovo,Medium
SKU-0055,Lenovo_i5_16GB_256GB_14-16in,Lenovo,Battery,57.82,7.9,4.44,0.35076,12.55,21.7,Lenovo,Medium
SKU-0055,Lenovo_i5_16GB_256GB_14-16in,Lenovo,RAM Module,42.32,5.7,0.88,0.05016,19.89,47.0,Lenovo,Medium
SKU-0055,Lenovo_i5_16GB_256GB_14-16in,Lenovo,Storage (SSD/HDD),71.09,9.7,2.1,0.2037,31.07,43.7,Lenovo,Medium
SKU-0055,Lenovo_i5_16GB_256GB_14-16in,Lenovo,Keyboard/Chassis,110.89,15.1,2.84,0.42883999999999994,18.52,16.7,Lenovo,Medium
SKU-0055,Lenovo_i5_16GB_256GB_14-16in,Lenovo,Power Adapter,40.83,5.5,2.53,0.13915,8.7,21.3,Lenovo,Medium
SKU-0056,HP_i3_8GB_512GB_14-16in,HP,Motherboard,203.42,34.4,9.2,3.1647999999999996,37.23,18.3,HP,Medium
SKU-0056,HP_i3_8GB_512GB_14-16in,HP,Display Panel,123.15,20.8,2.4,0.49920000000000003,71.55,58.1,HP,Medium
SKU-0056,HP_i3_8GB_512GB_14-16in,HP,Battery,48.09,8.1,3.6,0.2916,10.05,20.9,HP,Medium
SKU-0056,HP_i3_8GB_512GB_14-16in,HP,RAM Module,35.19,6.0,0.96,0.0576,17.56,49.9,HP,Medium
SKU-0056,HP_i3_8GB_512GB_14-16in,HP,Storage (SSD/HDD),63.18,10.7,2.25,0.24075,27.67,43.8,HP,Medium
SKU-0056,HP_i3_8GB_512GB_14-16in,HP,Keyboard/Chassis,80.73,13.7,2.91,0.39866999999999997,12.43,15.4,HP,Medium
SKU-0056,HP_i3_8GB_512GB_14-16in,HP,Power Adapter,35.28,6.0,2.42,0.1452,8.96,25.4,HP,Medium
SKU-0057,Dell_i5_Unk_512GB_Sub-12in,Dell,Motherboard,216.91,30.7,9.31,2.8581700000000003,33.19,15.3,Dell,Medium
SKU-0057,Dell_i5_Unk_512GB_Sub-12in,Dell,Display Panel,142.0,20.1,2.84,0.57084,109.48,77.1,Dell,Medium
SKU-0057,Dell_i5_Unk_512GB_Sub-12in,Dell,Battery,51.51,7.3,4.52,0.32996,9.84,19.1,Dell,Medium
SKU-0057,Dell_i5_Unk_512GB_Sub-12in,Dell,RAM Module,39.53,5.6,1.04,0.05823999999999999,17.91,45.3,Dell,Medium
SKU-0057,Dell_i5_Unk_512GB_Sub-12in,Dell,Storage (SSD/HDD),67.88,9.6,2.18,0.20928000000000002,27.49,40.5,Dell,Medium
SKU-0057,Dell_i5_Unk_512GB_Sub-12in,Dell,Keyboard/Chassis,90.73,12.9,3.2,0.41280000000000006,13.16,14.5,Dell,Medium
SKU-0057,Dell_i5_Unk_512GB_Sub-12in,Dell,Power Adapter,41.63,5.9,2.22,0.13098,9.41,22.6,Dell,Medium
SKU-0058,Other/Unbranded_i5_Unk_128GB_14-16in,Other/Unbranded,Motherboard,207.7,31.9,10.68,3.40692,40.71,19.6,Other/Unbranded,Medium
SKU-0058,Other/Unbranded_i5_Unk_128GB_14-16in,Other/Unbranded,Display Panel,155.42,23.8,2.44,0.58072,93.87,60.4,Other/Unbranded,Medium
SKU-0058,Other/Unbranded_i5_Unk_128GB_14-16in,Other/Unbranded,Battery,52.68,8.1,3.45,0.27945000000000003,10.96,20.8,Other/Unbranded,Medium
SKU-0058,Other/Unbranded_i5_Unk_128GB_14-16in,Other/Unbranded,RAM Module,39.92,6.1,1.1,0.0671,20.04,50.2,Other/Unbranded,Medium
SKU-0058,Other/Unbranded_i5_Unk_128GB_14-16in,Other/Unbranded,Storage (SSD/HDD),69.03,10.6,2.09,0.22154,24.92,36.1,Other/Unbranded,Medium
SKU-0058,Other/Unbranded_i5_Unk_128GB_14-16in,Other/Unbranded,Keyboard/Chassis,97.48,15.0,3.36,0.504,13.94,14.3,Other/Unbranded,Medium
SKU-0058,Other/Unbranded_i5_Unk_128GB_14-16in,Other/Unbranded,Power Adapter,37.21,5.7,2.35,0.13395,9.94,26.7,Other/Unbranded,Medium
SKU-0059,Acer_celeron_4GB_32GB_Sub-12in,Acer,Motherboard,111.5,31.2,8.18,2.5521599999999998,19.74,17.7,Acer,Low
SKU-0059,Acer_celeron_4GB_32GB_Sub-12in,Acer,Display Panel,73.05,20.5,2.3,0.4714999999999999,52.74,72.2,Acer,Low
SKU-0059,Acer_celeron_4GB_32GB_Sub-12in,Acer,Battery,26.93,7.5,3.51,0.26325,4.61,17.1,Acer,Low
SKU-0059,Acer_celeron_4GB_32GB_Sub-12in,Acer,RAM Module,20.25,5.7,0.91,0.051870000000000006,9.5,46.9,Acer,Low
SKU-0059,Acer_celeron_4GB_32GB_Sub-12in,Acer,Storage (SSD/HDD),34.9,9.8,2.06,0.20188,13.96,40.0,Acer,Low
SKU-0059,Acer_celeron_4GB_32GB_Sub-12in,Acer,Keyboard/Chassis,47.7,13.4,3.09,0.41406,7.54,15.8,Acer,Low
SKU-0059,Acer_celeron_4GB_32GB_Sub-12in,Acer,Power Adapter,21.1,5.9,2.66,0.15694000000000002,5.57,26.4,Acer,Low
SKU-0060,Acer_celeron_4GB_64GB_Sub-12in,Acer,Motherboard,125.48,34.7,6.88,2.38736,25.35,20.2,Acer,Low
SKU-0060,Acer_celeron_4GB_64GB_Sub-12in,Acer,Display Panel,72.86,20.1,2.19,0.44019,56.69,77.8,Acer,Low
SKU-0060,Acer_celeron_4GB_64GB_Sub-12in,Acer,Battery,28.36,7.8,3.84,0.29952,5.42,19.1,Acer,Low
SKU-0060,Acer_celeron_4GB_64GB_Sub-12in,Acer,RAM Module,19.83,5.5,1.01,0.05555,7.77,39.2,Acer,Low
SKU-0060,Acer_celeron_4GB_64GB_Sub-12in,Acer,Storage (SSD/HDD),33.05,9.1,2.08,0.18928,12.33,37.3,Acer,Low
SKU-0060,Acer_celeron_4GB_64GB_Sub-12in,Acer,Keyboard/Chassis,52.15,14.4,3.03,0.43632000000000004,7.41,14.2,Acer,Low
SKU-0060,Acer_celeron_4GB_64GB_Sub-12in,Acer,Power Adapter,20.35,5.6,2.16,0.12096,4.9,24.1,Acer,Low
SKU-0061,Other/Unbranded_i3_Unk_128GB_12-14in,Other/Unbranded,Motherboard,179.62,33.8,7.78,2.6296399999999998,32.87,18.3,Other/Unbranded,Medium
SKU-0061,Other/Unbranded_i3_Unk_128GB_12-14in,Other/Unbranded,Display Panel,127.85,24.0,2.6,0.624,92.05,72.0,Other/Unbranded,Medium
SKU-0061,Other/Unbranded_i3_Unk_128GB_12-14in,Other/Unbranded,Battery,42.86,8.1,3.52,0.28512,8.44,19.7,Other/Unbranded,Medium
SKU-0061,Other/Unbranded_i3_Unk_128GB_12-14in,Other/Unbranded,RAM Module,28.74,5.4,0.94,0.050760000000000007,14.8,51.5,Other/Unbranded,Medium
SKU-0061,Other/Unbranded_i3_Unk_128GB_12-14in,Other/Unbranded,Storage (SSD/HDD),57.75,10.9,1.84,0.20056000000000002,22.41,38.8,Other/Unbranded,Medium
SKU-0061,Other/Unbranded_i3_Unk_128GB_12-14in,Other/Unbranded,Keyboard/Chassis,67.33,12.7,3.21,0.40767,10.91,16.2,Other/Unbranded,Medium
SKU-0061,Other/Unbranded_i3_Unk_128GB_12-14in,Other/Unbranded,Power Adapter,34.1,6.4,2.52,0.16128,8.83,25.9,Other/Unbranded,Medium
SKU-0062,Lenovo_i5_16GB_2TB_14-16in,Lenovo,Motherboard,284.71,34.7,10.83,3.7580100000000005,46.12,16.2,Lenovo,Medium
SKU-0062,Lenovo_i5_16GB_2TB_14-16in,Lenovo,Display Panel,166.52,20.3,2.3,0.4669,112.57,67.6,Lenovo,Medium
SKU-0062,Lenovo_i5_16GB_2TB_14-16in,Lenovo,Battery,60.16,7.3,4.52,0.32996,12.21,20.3,Lenovo,Medium
SKU-0062,Lenovo_i5_16GB_2TB_14-16in,Lenovo,RAM Module,52.38,6.4,0.93,0.05952,26.71,51.0,Lenovo,Medium
SKU-0062,Lenovo_i5_16GB_2TB_14-16in,Lenovo,Storage (SSD/HDD),82.22,10.0,2.25,0.225,32.89,40.0,Lenovo,Medium
SKU-0062,Lenovo_i5_16GB_2TB_14-16in,Lenovo,Keyboard/Chassis,116.27,14.2,2.9,0.41179999999999994,17.44,15.0,Lenovo,Medium
SKU-0062,Lenovo_i5_16GB_2TB_14-16in,Lenovo,Power Adapter,45.4,5.5,2.74,0.1507,10.94,24.1,Lenovo,Medium
SKU-0063,HP_i7_8GB_512GB_14-16in,HP,Motherboard,287.45,31.6,8.0,2.528,56.63,19.7,HP,Low
SKU-0063,HP_i7_8GB_512GB_14-16in,HP,Display Panel,196.49,21.6,2.26,0.48816000000000004,138.53,70.5,HP,Low
SKU-0063,HP_i7_8GB_512GB_14-16in,HP,Battery,79.53,8.7,4.09,0.35583,17.97,22.6,HP,Low
SKU-0063,HP_i7_8GB_512GB_14-16in,HP,RAM Module,50.63,5.6,1.11,0.06216,25.67,50.7,HP,Low
SKU-0063,HP_i7_8GB_512GB_14-16in,HP,Storage (SSD/HDD),84.51,9.3,2.24,0.20832000000000006,37.18,44.0,HP,Low
SKU-0063,HP_i7_8GB_512GB_14-16in,HP,Keyboard/Chassis,127.58,14.0,2.91,0.40740000000000004,17.1,13.4,HP,Low
SKU-0063,HP_i7_8GB_512GB_14-16in,HP,Power Adapter,50.51,5.5,2.48,0.1364,12.63,25.0,HP,Low
SKU-0064,Dell_i5_Unk_512GB_12-14in,Dell,Motherboard,262.4,37.2,11.96,4.449120000000001,44.61,17.0,Dell,Medium
SKU-0064,Dell_i5_Unk_512GB_12-14in,Dell,Display Panel,167.0,23.7,2.33,0.55221,113.56,68.0,Dell,Medium
SKU-0064,Dell_i5_Unk_512GB_12-14in,Dell,Battery,53.27,7.5,4.14,0.31049999999999994,11.13,20.9,Dell,Medium
SKU-0064,Dell_i5_Unk_512GB_12-14in,Dell,RAM Module,41.4,5.9,1.02,0.060180000000000004,16.89,40.8,Dell,Medium
SKU-0064,Dell_i5_Unk_512GB_12-14in,Dell,Storage (SSD/HDD),64.36,9.1,2.3,0.20929999999999999,22.33,34.7,Dell,Medium
SKU-0064,Dell_i5_Unk_512GB_12-14in,Dell,Keyboard/Chassis,94.83,13.4,2.94,0.39396000000000003,12.8,13.5,Dell,Medium
SKU-0064,Dell_i5_Unk_512GB_12-14in,Dell,Power Adapter,39.15,5.5,2.35,0.12925,8.61,22.0,Dell,Medium
SKU-0065,Dell_i5_8GB_Unk_14-16in,Dell,Motherboard,234.71,34.9,9.22,3.21778,38.96,16.6,Dell,Low
SKU-0065,Dell_i5_8GB_Unk_14-16in,Dell,Display Panel,138.28,20.6,2.62,0.5397200000000001,97.07,70.2,Dell,Low
SKU-0065,Dell_i5_8GB_Unk_14-16in,Dell,Battery,49.82,7.4,4.46,0.33004000000000006,9.81,19.7,Dell,Low
SKU-0065,Dell_i5_8GB_Unk_14-16in,Dell,RAM Module,39.28,5.8,0.97,0.05626,19.4,49.4,Dell,Low
SKU-0065,Dell_i5_8GB_Unk_14-16in,Dell,Storage (SSD/HDD),65.72,9.8,2.28,0.22344,24.32,37.0,Dell,Low
SKU-0065,Dell_i5_8GB_Unk_14-16in,Dell,Keyboard/Chassis,92.6,13.8,3.26,0.44988,14.26,15.4,Dell,Low
SKU-0065,Dell_i5_8GB_Unk_14-16in,Dell,Power Adapter,37.42,5.6,2.53,0.14167999999999997,8.57,22.9,Dell,Low
SKU-0066,HP_i5_Unk_Unk_14-16in,HP,Motherboard,214.85,32.0,9.71,3.1072,33.3,15.5,HP,Low
SKU-0066,HP_i5_Unk_Unk_14-16in,HP,Display Panel,136.38,20.3,2.54,0.5156200000000001,85.92,63.0,HP,Low
SKU-0066,HP_i5_Unk_Unk_14-16in,HP,Battery,51.27,7.6,3.58,0.27208,9.13,17.8,HP,Low
SKU-0066,HP_i5_Unk_Unk_14-16in,HP,RAM Module,38.93,5.8,1.07,0.06206,17.4,44.7,HP,Low
SKU-0066,HP_i5_Unk_Unk_14-16in,HP,Storage (SSD/HDD),68.77,10.2,2.22,0.22644,26.61,38.7,HP,Low
SKU-0066,HP_i5_Unk_Unk_14-16in,HP,Keyboard/Chassis,101.52,15.1,3.41,0.51491,16.55,16.3,HP,Low
SKU-0066,HP_i5_Unk_Unk_14-16in,HP,Power Adapter,43.92,6.5,2.73,0.17745,9.57,21.8,HP,Low
SKU-0067,Dell_i5_16GB_1TB_14-16in,Dell,Motherboard,311.49,36.7,11.1,4.0737000000000005,58.25,18.7,Dell,Low
SKU-0067,Dell_i5_16GB_1TB_14-16in,Dell,Display Panel,182.32,21.5,2.46,0.5289,77.3,42.4,Dell,Low
SKU-0067,Dell_i5_16GB_1TB_14-16in,Dell,Battery,61.96,7.3,4.02,0.29345999999999994,11.09,17.9,Dell,Low
SKU-0067,Dell_i5_16GB_1TB_14-16in,Dell,RAM Module,55.85,6.6,0.98,0.06468,21.73,38.9,Dell,Low
SKU-0067,Dell_i5_16GB_1TB_14-16in,Dell,Storage (SSD/HDD),77.76,9.2,2.13,0.19596,27.14,34.9,Dell,Low
SKU-0067,Dell_i5_16GB_1TB_14-16in,Dell,Keyboard/Chassis,109.35,12.9,2.58,0.33282,16.4,15.0,Dell,Low
SKU-0067,Dell_i5_16GB_1TB_14-16in,Dell,Power Adapter,49.39,5.8,2.35,0.1363,11.8,23.9,Dell,Low
SKU-0068,Other/Unbranded_celeron_8GB_512GB_14-16in,Other/Unbranded,Motherboard,152.12,33.0,11.72,3.8676000000000004,27.84,18.3,Other/Unbranded,Medium
SKU-0068,Other/Unbranded_celeron_8GB_512GB_14-16in,Other/Unbranded,Display Panel,106.74,23.2,2.32,0.5382399999999999,62.66,58.7,Other/Unbranded,Medium
SKU-0068,Other/Unbranded_celeron_8GB_512GB_14-16in,Other/Unbranded,Battery,36.97,8.0,4.48,0.35840000000000005,8.02,21.7,Other/Unbranded,Medium
SKU-0068,Other/Unbranded_celeron_8GB_512GB_14-16in,Other/Unbranded,RAM Module,28.34,6.1,0.96,0.058559999999999994,11.62,41.0,Other/Unbranded,Medium
SKU-0068,Other/Unbranded_celeron_8GB_512GB_14-16in,Other/Unbranded,Storage (SSD/HDD),43.83,9.5,1.86,0.17670000000000002,15.25,34.8,Other/Unbranded,Medium
SKU-0068,Other/Unbranded_celeron_8GB_512GB_14-16in,Other/Unbranded,Keyboard/Chassis,64.9,14.1,2.59,0.36518999999999996,11.1,17.1,Other/Unbranded,Medium
SKU-0068,Other/Unbranded_celeron_8GB_512GB_14-16in,Other/Unbranded,Power Adapter,25.58,5.6,2.48,0.13887999999999998,5.65,22.1,Other/Unbranded,Medium
SKU-0069,Dell_celeron_4GB_256GB_Sub-12in,Dell,Motherboard,141.01,36.1,9.59,3.4619899999999997,22.56,16.0,Dell,Low
SKU-0069,Dell_celeron_4GB_256GB_Sub-12in,Dell,Display Panel,79.2,20.3,2.57,0.52171,46.89,59.2,Dell,Low
SKU-0069,Dell_celeron_4GB_256GB_Sub-12in,Dell,Battery,30.81,7.9,3.93,0.31047,6.38,20.7,Dell,Low
SKU-0069,Dell_celeron_4GB_256GB_Sub-12in,Dell,RAM Module,22.36,5.7,1.13,0.06441,10.6,47.4,Dell,Low
SKU-0069,Dell_celeron_4GB_256GB_Sub-12in,Dell,Storage (SSD/HDD),42.06,10.8,2.09,0.22572,15.73,37.4,Dell,Low
SKU-0069,Dell_celeron_4GB_256GB_Sub-12in,Dell,Keyboard/Chassis,52.65,13.5,3.34,0.4509,7.32,13.9,Dell,Low
SKU-0069,Dell_celeron_4GB_256GB_Sub-12in,Dell,Power Adapter,22.26,5.7,2.69,0.15333,5.5,24.7,Dell,Low
SKU-0070,Dell_i5_8GB_512GB_12-14in,Dell,Motherboard,226.23,31.8,9.08,2.8874400000000002,38.46,17.0,Dell,Medium
SKU-0070,Dell_i5_8GB_512GB_12-14in,Dell,Display Panel,171.53,24.1,2.83,0.68203,91.43,53.3,Dell,Medium
SKU-0070,Dell_i5_8GB_512GB_12-14in,Dell,Battery,52.41,7.4,4.22,0.31228,9.22,17.6,Dell,Medium
SKU-0070,Dell_i5_8GB_512GB_12-14in,Dell,RAM Module,40.2,5.7,1.0,0.057,19.94,49.6,Dell,Medium
SKU-0070,Dell_i5_8GB_512GB_12-14in,Dell,Storage (SSD/HDD),69.85,9.8,2.15,0.2107,29.97,42.9,Dell,Medium
SKU-0070,Dell_i5_8GB_512GB_12-14in,Dell,Keyboard/Chassis,95.48,13.4,3.06,0.41004,15.09,15.8,Dell,Medium
SKU-0070,Dell_i5_8GB_512GB_12-14in,Dell,Power Adapter,43.31,6.1,2.78,0.16957999999999998,10.61,24.5,Dell,Medium
SKU-0071,Lenovo_i5_32GB_2TB_14-16in,Lenovo,Motherboard,332.46,32.3,8.75,2.8262499999999995,68.82,20.7,Lenovo,Medium
SKU-0071,Lenovo_i5_32GB_2TB_14-16in,Lenovo,Display Panel,212.73,20.7,2.78,0.57546,100.83,47.4,Lenovo,Medium
SKU-0071,Lenovo_i5_32GB_2TB_14-16in,Lenovo,Battery,83.31,8.1,4.28,0.34668000000000004,17.25,20.7,Lenovo,Medium
SKU-0071,Lenovo_i5_32GB_2TB_14-16in,Lenovo,RAM Module,64.12,6.2,0.96,0.059519999999999997,29.17,45.5,Lenovo,Medium
SKU-0071,Lenovo_i5_32GB_2TB_14-16in,Lenovo,Storage (SSD/HDD),92.81,9.0,2.16,0.19440000000000002,31.93,34.4,Lenovo,Medium
SKU-0071,Lenovo_i5_32GB_2TB_14-16in,Lenovo,Keyboard/Chassis,130.1,12.6,3.22,0.40572,21.08,16.2,Lenovo,Medium
SKU-0071,Lenovo_i5_32GB_2TB_14-16in,Lenovo,Power Adapter,59.66,5.8,2.24,0.12992,14.02,23.5,Lenovo,Medium
SKU-0072,HP_i7_16GB_2TB_14-16in,HP,Motherboard,349.35,33.2,8.88,2.9481600000000006,68.12,19.5,HP,Low
SKU-0072,HP_i7_16GB_2TB_14-16in,HP,Display Panel,235.66,22.4,2.42,0.5420799999999999,111.94,47.5,HP,Low
SKU-0072,HP_i7_16GB_2TB_14-16in,HP,Battery,78.72,7.5,3.43,0.25725,14.17,18.0,HP,Low
SKU-0072,HP_i7_16GB_2TB_14-16in,HP,RAM Module,61.68,5.9,0.97,0.05723,30.9,50.1,HP,Low
SKU-0072,HP_i7_16GB_2TB_14-16in,HP,Storage (SSD/HDD),108.15,10.3,1.74,0.17922000000000002,44.34,41.0,HP,Low
SKU-0072,HP_i7_16GB_2TB_14-16in,HP,Keyboard/Chassis,153.2,14.6,2.6,0.3796,22.83,14.9,HP,Low
SKU-0072,HP_i7_16GB_2TB_14-16in,HP,Power Adapter,66.94,6.4,2.33,0.14912,18.34,27.4,HP,Low
SKU-0073,Dell_i7_16GB_2TB_12-14in,Dell,Motherboard,371.52,35.3,10.3,3.6359,76.53,20.6,Dell,Medium
SKU-0073,Dell_i7_16GB_2TB_12-14in,Dell,Display Panel,244.71,23.3,2.51,0.58483,118.93,48.6,Dell,Medium
SKU-0073,Dell_i7_16GB_2TB_12-14in,Dell,Battery,77.77,7.4,4.28,0.31672000000000006,14.31,18.4,Dell,Medium
SKU-0073,Dell_i7_16GB_2TB_12-14in,Dell,RAM Module,57.58,5.5,1.09,0.05995,27.98,48.6,Dell,Medium
SKU-0073,Dell_i7_16GB_2TB_12-14in,Dell,Storage (SSD/HDD),114.27,10.9,2.09,0.22780999999999998,44.68,39.1,Dell,Medium
SKU-0073,Dell_i7_16GB_2TB_12-14in,Dell,Keyboard/Chassis,147.11,14.0,2.71,0.3794,23.24,15.8,Dell,Medium
SKU-0073,Dell_i7_16GB_2TB_12-14in,Dell,Power Adapter,67.38,6.4,2.41,0.15424000000000002,17.18,25.5,Dell,Medium
SKU-0074,Lenovo_i3_8GB_256GB_14-16in,Lenovo,Motherboard,205.83,37.3,5.51,2.05523,39.31,19.1,Lenovo,Medium
SKU-0074,Lenovo_i3_8GB_256GB_14-16in,Lenovo,Display Panel,129.59,23.5,2.33,0.54755,80.73,62.3,Lenovo,Medium
SKU-0074,Lenovo_i3_8GB_256GB_14-16in,Lenovo,Battery,46.69,8.5,3.47,0.29495000000000005,10.32,22.1,Lenovo,Medium
SKU-0074,Lenovo_i3_8GB_256GB_14-16in,Lenovo,RAM Module,35.61,6.4,1.1,0.0704,14.53,40.8,Lenovo,Medium
SKU-0074,Lenovo_i3_8GB_256GB_14-16in,Lenovo,Storage (SSD/HDD),54.52,9.9,2.26,0.22374,23.17,42.5,Lenovo,Medium
SKU-0074,Lenovo_i3_8GB_256GB_14-16in,Lenovo,Keyboard/Chassis,70.85,12.8,3.21,0.41088,10.63,15.0,Lenovo,Medium
SKU-0074,Lenovo_i3_8GB_256GB_14-16in,Lenovo,Power Adapter,35.0,6.3,2.13,0.13419,7.6,21.7,Lenovo,Medium
SKU-0075,Dell_i5_4GB_256GB_14-16in,Dell,Motherboard,227.83,35.7,9.82,3.5057400000000003,46.71,20.5,Dell,Low
SKU-0075,Dell_i5_4GB_256GB_14-16in,Dell,Display Panel,134.26,21.0,2.16,0.4536,56.66,42.2,Dell,Low
SKU-0075,Dell_i5_4GB_256GB_14-16in,Dell,Battery,48.46,7.6,4.49,0.34124,8.97,18.5,Dell,Low
SKU-0075,Dell_i5_4GB_256GB_14-16in,Dell,RAM Module,37.29,5.8,0.98,0.056839999999999995,18.53,49.7,Dell,Low
SKU-0075,Dell_i5_4GB_256GB_14-16in,Dell,Storage (SSD/HDD),58.25,9.1,1.99,0.18109,20.04,34.4,Dell,Low
SKU-0075,Dell_i5_4GB_256GB_14-16in,Dell,Keyboard/Chassis,91.46,14.3,3.06,0.4375800000000001,13.08,14.3,Dell,Low
SKU-0075,Dell_i5_4GB_256GB_14-16in,Dell,Power Adapter,37.6,5.9,2.39,0.14101000000000002,10.53,28.0,Dell,Low
SKU-0076,Lenovo_i3_Unk_256GB_14-16in,Lenovo,Motherboard,173.84,31.5,11.55,3.63825,30.25,17.4,Lenovo,Medium
SKU-0076,Lenovo_i3_Unk_256GB_14-16in,Lenovo,Display Panel,119.55,21.6,2.32,0.50112,78.54,65.7,Lenovo,Medium
SKU-0076,Lenovo_i3_Unk_256GB_14-16in,Lenovo,Battery,42.04,7.6,4.19,0.31844,7.65,18.2,Lenovo,Medium
SKU-0076,Lenovo_i3_Unk_256GB_14-16in,Lenovo,RAM Module,32.07,5.8,0.94,0.05451999999999999,16.36,51.0,Lenovo,Medium
SKU-0076,Lenovo_i3_Unk_256GB_14-16in,Lenovo,Storage (SSD/HDD),53.58,9.7,1.77,0.17168999999999998,19.18,35.8,Lenovo,Medium
SKU-0076,Lenovo_i3_Unk_256GB_14-16in,Lenovo,Keyboard/Chassis,76.07,13.8,2.63,0.36294000000000004,12.02,15.8,Lenovo,Medium
SKU-0076,Lenovo_i3_Unk_256GB_14-16in,Lenovo,Power Adapter,33.3,6.0,2.21,0.1326,9.22,27.7,Lenovo,Medium
SKU-0077,Other/Unbranded_i5_Unk_512GB_14-16in,Other/Unbranded,Motherboard,242.13,34.3,4.41,1.51263,43.1,17.8,Other/Unbranded,Medium
SKU-0077,Other/Unbranded_i5_Unk_512GB_14-16in,Other/Unbranded,Display Panel,153.1,21.7,2.23,0.48391,106.4,69.5,Other/Unbranded,Medium
SKU-0077,Other/Unbranded_i5_Unk_512GB_14-16in,Other/Unbranded,Battery,58.39,8.3,3.95,0.32785000000000003,11.39,19.5,Other/Unbranded,Medium
SKU-0077,Other/Unbranded_i5_Unk_512GB_14-16in,Other/Unbranded,RAM Module,42.74,6.1,0.87,0.05307,19.32,45.2,Other/Unbranded,Medium
SKU-0077,Other/Unbranded_i5_Unk_512GB_14-16in,Other/Unbranded,Storage (SSD/HDD),77.35,11.0,2.18,0.2398,30.94,40.0,Other/Unbranded,Medium
SKU-0077,Other/Unbranded_i5_Unk_512GB_14-16in,Other/Unbranded,Keyboard/Chassis,94.07,13.3,2.7,0.35910000000000003,13.36,14.2,Other/Unbranded,Medium
SKU-0077,Other/Unbranded_i5_Unk_512GB_14-16in,Other/Unbranded,Power Adapter,44.51,6.3,2.14,0.13482,9.88,22.2,Other/Unbranded,Medium
SKU-0078,Other/Unbranded_i7_Unk_256GB_14-16in,Other/Unbranded,Motherboard,280.35,32.2,11.37,3.66114,57.75,20.6,Other/Unbranded,High
SKU-0078,Other/Unbranded_i7_Unk_256GB_14-16in,Other/Unbranded,Display Panel,193.62,22.3,2.54,0.56642,121.01,62.5,Other/Unbranded,High
SKU-0078,Other/Unbranded_i7_Unk_256GB_14-16in,Other/Unbranded,Battery,75.3,8.7,4.05,0.35234999999999994,15.06,20.0,Other/Unbranded,High
SKU-0078,Other/Unbranded_i7_Unk_256GB_14-16in,Other/Unbranded,RAM Module,50.86,5.8,0.99,0.05742,22.17,43.6,Other/Unbranded,High
SKU-0078,Other/Unbranded_i7_Unk_256GB_14-16in,Other/Unbranded,Storage (SSD/HDD),91.8,10.6,2.28,0.24167999999999998,33.42,36.4,Other/Unbranded,High
SKU-0078,Other/Unbranded_i7_Unk_256GB_14-16in,Other/Unbranded,Keyboard/Chassis,111.91,12.9,2.87,0.37023,18.13,16.2,Other/Unbranded,High
SKU-0078,Other/Unbranded_i7_Unk_256GB_14-16in,Other/Unbranded,Power Adapter,53.61,6.2,2.72,0.16864,12.97,24.2,Other/Unbranded,High
SKU-0079,Dell_i5_8GB_2TB_14-16in,Dell,Motherboard,264.98,33.6,11.88,3.9916800000000006,42.93,16.2,Dell,Low
SKU-0079,Dell_i5_8GB_2TB_14-16in,Dell,Display Panel,185.65,23.6,2.8,0.6608,104.89,56.5,Dell,Low
SKU-0079,Dell_i5_8GB_2TB_14-16in,Dell,Battery,63.1,8.0,4.12,0.3296,10.85,17.2,Dell,Low
SKU-0079,Dell_i5_8GB_2TB_14-16in,Dell,RAM Module,50.98,6.5,1.05,0.06825,20.54,40.3,Dell,Low
SKU-0079,Dell_i5_8GB_2TB_14-16in,Dell,Storage (SSD/HDD),83.46,10.6,2.28,0.24167999999999998,36.97,44.3,Dell,Low
SKU-0079,Dell_i5_8GB_2TB_14-16in,Dell,Keyboard/Chassis,116.96,14.9,3.0,0.44699999999999995,20.0,17.1,Dell,Low
SKU-0079,Dell_i5_8GB_2TB_14-16in,Dell,Power Adapter,51.83,6.6,2.63,0.17358,13.48,26.0,Dell,Low
SKU-0080,Lenovo_celeron_4GB_64GB_Sub-12in,Lenovo,Motherboard,126.78,35.1,11.09,3.89259,24.09,19.0,Lenovo,Low
SKU-0080,Lenovo_celeron_4GB_64GB_Sub-12in,Lenovo,Display Panel,79.99,22.1,2.66,0.58786,66.47,83.1,Lenovo,Low
SKU-0080,Lenovo_celeron_4GB_64GB_Sub-12in,Lenovo,Battery,31.67,8.8,3.8,0.33440000000000003,5.95,18.8,Lenovo,Low
SKU-0080,Lenovo_celeron_4GB_64GB_Sub-12in,Lenovo,RAM Module,21.87,6.0,1.06,0.0636,9.29,42.5,Lenovo,Low
SKU-0080,Lenovo_celeron_4GB_64GB_Sub-12in,Lenovo,Storage (SSD/HDD),39.06,10.8,2.09,0.22572,14.76,37.8,Lenovo,Low
SKU-0080,Lenovo_celeron_4GB_64GB_Sub-12in,Lenovo,Keyboard/Chassis,50.57,14.0,3.3,0.462,7.23,14.3,Lenovo,Low
SKU-0080,Lenovo_celeron_4GB_64GB_Sub-12in,Lenovo,Power Adapter,20.59,5.7,2.21,0.12597,4.51,21.9,Lenovo,Low
SKU-0081,Dell_i5_16GB_512GB_12-14in,Dell,Motherboard,255.42,33.0,6.32,2.0856000000000003,49.3,19.3,Dell,Medium
SKU-0081,Dell_i5_16GB_512GB_12-14in,Dell,Display Panel,168.26,21.7,2.56,0.55552,88.84,52.8,Dell,Medium
SKU-0081,Dell_i5_16GB_512GB_12-14in,Dell,Battery,61.63,8.0,4.57,0.36560000000000004,12.82,20.8,Dell,Medium
SKU-0081,Dell_i5_16GB_512GB_12-14in,Dell,RAM Module,48.71,6.3,0.88,0.05544,20.7,42.5,Dell,Medium
SKU-0081,Dell_i5_16GB_512GB_12-14in,Dell,Storage (SSD/HDD),70.81,9.1,1.8,0.1638,31.37,44.3,Dell,Medium
SKU-0081,Dell_i5_16GB_512GB_12-14in,Dell,Keyboard/Chassis,115.78,14.9,2.8,0.41719999999999996,18.06,15.6,Dell,Medium
SKU-0081,Dell_i5_16GB_512GB_12-14in,Dell,Power Adapter,49.89,6.4,2.29,0.14656,11.97,24.0,Dell,Medium
SKU-0082,Dell_i7_8GB_512GB_14-16in,Dell,Motherboard,309.07,35.0,5.39,1.8864999999999998,61.81,20.0,Dell,Low
SKU-0082,Dell_i7_8GB_512GB_14-16in,Dell,Display Panel,205.97,23.4,2.17,0.5077799999999999,124.82,60.6,Dell,Low
SKU-0082,Dell_i7_8GB_512GB_14-16in,Dell,Battery,76.31,8.7,4.2,0.3654,15.57,20.4,Dell,Low
SKU-0082,Dell_i7_8GB_512GB_14-16in,Dell,RAM Module,51.75,5.9,0.96,0.05664,21.37,41.3,Dell,Low
SKU-0082,Dell_i7_8GB_512GB_14-16in,Dell,Storage (SSD/HDD),89.02,10.1,1.93,0.19493,40.68,45.7,Dell,Low
SKU-0082,Dell_i7_8GB_512GB_14-16in,Dell,Keyboard/Chassis,122.96,13.9,2.57,0.35723,17.95,14.6,Dell,Low
SKU-0082,Dell_i7_8GB_512GB_14-16in,Dell,Power Adapter,57.34,6.5,2.34,0.15209999999999999,15.88,27.7,Dell,Low
SKU-0083,HP_Unknown_Unk_Unk_14-16in,HP,Motherboard,188.23,35.4,13.53,4.789619999999999,38.78,20.6,HP,Medium
SKU-0083,HP_Unknown_Unk_Unk_14-16in,HP,Display Panel,122.44,23.0,2.35,0.5405000000000001,93.91,76.7,HP,Medium
SKU-0083,HP_Unknown_Unk_Unk_14-16in,HP,Battery,45.77,8.6,3.54,0.30444,9.7,21.2,HP,Medium
SKU-0083,HP_Unknown_Unk_Unk_14-16in,HP,RAM Module,29.37,5.5,0.92,0.0506,11.28,38.4,HP,Medium
SKU-0083,HP_Unknown_Unk_Unk_14-16in,HP,Storage (SSD/HDD),50.94,9.6,2.19,0.21024,17.78,34.9,HP,Medium
SKU-0083,HP_Unknown_Unk_Unk_14-16in,HP,Keyboard/Chassis,71.55,13.4,3.22,0.43148000000000003,9.3,13.0,HP,Medium
SKU-0083,HP_Unknown_Unk_Unk_14-16in,HP,Power Adapter,34.35,6.5,2.78,0.1807,8.14,23.7,HP,Medium
SKU-0084,Acer_celeron_4GB_16GB_Sub-12in,Acer,Motherboard,110.35,31.1,10.73,3.33703,21.63,19.6,Acer,Low
SKU-0084,Acer_celeron_4GB_16GB_Sub-12in,Acer,Display Panel,76.86,21.7,2.33,0.50561,42.2,54.9,Acer,Low
SKU-0084,Acer_celeron_4GB_16GB_Sub-12in,Acer,Battery,28.47,8.0,3.48,0.2784,6.26,22.0,Acer,Low
SKU-0084,Acer_celeron_4GB_16GB_Sub-12in,Acer,RAM Module,21.21,6.0,1.07,0.06420000000000001,9.61,45.3,Acer,Low
SKU-0084,Acer_celeron_4GB_16GB_Sub-12in,Acer,Storage (SSD/HDD),36.64,10.3,2.2,0.22660000000000002,16.3,44.5,Acer,Low
SKU-0084,Acer_celeron_4GB_16GB_Sub-12in,Acer,Keyboard/Chassis,44.9,12.7,3.18,0.40386000000000005,5.88,13.1,Acer,Low
SKU-0084,Acer_celeron_4GB_16GB_Sub-12in,Acer,Power Adapter,20.99,5.9,2.71,0.15989,5.42,25.8,Acer,Low
SKU-0085,Dell_i7_8GB_512GB_12-14in,Dell,Motherboard,337.43,37.0,5.72,2.1164,66.14,19.6,Dell,Low
SKU-0085,Dell_i7_8GB_512GB_12-14in,Dell,Display Panel,189.85,20.8,2.51,0.52208,83.91,44.2,Dell,Low
SKU-0085,Dell_i7_8GB_512GB_12-14in,Dell,Battery,77.04,8.5,4.56,0.3876,14.33,18.6,Dell,Low
SKU-0085,Dell_i7_8GB_512GB_12-14in,Dell,RAM Module,55.75,6.1,1.07,0.06527000000000001,25.14,45.1,Dell,Low
SKU-0085,Dell_i7_8GB_512GB_12-14in,Dell,Storage (SSD/HDD),89.39,9.8,2.23,0.21854,30.39,34.0,Dell,Low
SKU-0085,Dell_i7_8GB_512GB_12-14in,Dell,Keyboard/Chassis,130.17,14.3,3.37,0.48191000000000006,17.96,13.8,Dell,Low
SKU-0085,Dell_i7_8GB_512GB_12-14in,Dell,Power Adapter,59.8,6.6,2.37,0.15642,14.89,24.9,Dell,Low
SKU-0086,Lenovo_i5_8GB_256GB_12-14in,Lenovo,Motherboard,223.58,33.8,8.48,2.86624,40.69,18.2,Lenovo,Low
SKU-0086,Lenovo_i5_8GB_256GB_12-14in,Lenovo,Display Panel,131.1,19.8,2.29,0.45342000000000005,65.94,50.3,Lenovo,Low
SKU-0086,Lenovo_i5_8GB_256GB_12-14in,Lenovo,Battery,51.18,7.7,4.36,0.33572,10.44,20.4,Lenovo,Low
SKU-0086,Lenovo_i5_8GB_256GB_12-14in,Lenovo,RAM Module,38.02,5.8,1.13,0.06553999999999999,16.58,43.6,Lenovo,Low
SKU-0086,Lenovo_i5_8GB_256GB_12-14in,Lenovo,Storage (SSD/HDD),63.25,9.6,2.19,0.21024,25.55,40.4,Lenovo,Low
SKU-0086,Lenovo_i5_8GB_256GB_12-14in,Lenovo,Keyboard/Chassis,93.92,14.2,2.58,0.36635999999999996,14.84,15.8,Lenovo,Low
SKU-0086,Lenovo_i5_8GB_256GB_12-14in,Lenovo,Power Adapter,43.57,6.6,2.22,0.14652,10.15,23.3,Lenovo,Low
SKU-0087,Other/Unbranded_Unknown_Unk_Unk_Sub-12in,Other/Unbranded,Motherboard,194.85,36.6,8.01,2.93166,32.54,16.7,Other/Unbranded,Medium
SKU-0087,Other/Unbranded_Unknown_Unk_Unk_Sub-12in,Other/Unbranded,Display Panel,112.37,21.1,2.66,0.5612600000000001,85.4,76.0,Other/Unbranded,Medium
SKU-0087,Other/Unbranded_Unknown_Unk_Unk_Sub-12in,Other/Unbranded,Battery,38.35,7.2,4.16,0.29952000000000006,6.63,17.3,Other/Unbranded,Medium
SKU-0087,Other/Unbranded_Unknown_Unk_Unk_Sub-12in,Other/Unbranded,RAM Module,34.05,6.4,0.86,0.05504,17.02,50.0,Other/Unbranded,Medium
SKU-0087,Other/Unbranded_Unknown_Unk_Unk_Sub-12in,Other/Unbranded,Storage (SSD/HDD),49.14,9.2,1.93,0.17756,19.41,39.5,Other/Unbranded,Medium
SKU-0087,Other/Unbranded_Unknown_Unk_Unk_Sub-12in,Other/Unbranded,Keyboard/Chassis,68.46,12.9,3.09,0.39861,10.41,15.2,Other/Unbranded,Medium
SKU-0087,Other/Unbranded_Unknown_Unk_Unk_Sub-12in,Other/Unbranded,Power Adapter,29.2,5.5,2.19,0.12045,6.98,23.9,Other/Unbranded,Medium
SKU-0088,Other/Unbranded_i5_Unk_1TB_14-16in,Other/Unbranded,Motherboard,272.27,35.0,8.71,3.0485,50.37,18.5,Other/Unbranded,High
SKU-0088,Other/Unbranded_i5_Unk_1TB_14-16in,Other/Unbranded,Display Panel,175.82,22.6,2.81,0.6350600000000001,117.1,66.6,Other/Unbranded,High
SKU-0088,Other/Unbranded_i5_Unk_1TB_14-16in,Other/Unbranded,Battery,58.16,7.5,4.17,0.31275,12.45,21.4,Other/Unbranded,High
SKU-0088,Other/Unbranded_i5_Unk_1TB_14-16in,Other/Unbranded,RAM Module,42.63,5.5,1.01,0.05555,17.14,40.2,Other/Unbranded,High
SKU-0088,Other/Unbranded_i5_Unk_1TB_14-16in,Other/Unbranded,Storage (SSD/HDD),80.83,10.4,2.02,0.21008000000000002,31.85,39.4,Other/Unbranded,High
SKU-0088,Other/Unbranded_i5_Unk_1TB_14-16in,Other/Unbranded,Keyboard/Chassis,110.6,14.2,2.59,0.36777999999999994,14.71,13.3,Other/Unbranded,High
SKU-0088,Other/Unbranded_i5_Unk_1TB_14-16in,Other/Unbranded,Power Adapter,44.03,5.7,2.47,0.14079000000000003,12.06,27.4,Other/Unbranded,High
SKU-0089,Other/Unbranded_i3_Unk_128GB_14-16in,Other/Unbranded,Motherboard,178.35,33.5,11.85,3.9697500000000003,29.96,16.8,Other/Unbranded,Medium
SKU-0089,Other/Unbranded_i3_Unk_128GB_14-16in,Other/Unbranded,Display Panel,125.51,23.6,2.57,0.60652,75.81,60.4,Other/Unbranded,Medium
SKU-0089,Other/Unbranded_i3_Unk_128GB_14-16in,Other/Unbranded,Battery,45.3,8.5,4.43,0.37655,10.19,22.5,Other/Unbranded,Medium
SKU-0089,Other/Unbranded_i3_Unk_128GB_14-16in,Other/Unbranded,RAM Module,30.76,5.8,1.02,0.05916,13.32,43.3,Other/Unbranded,Medium
SKU-0089,Other/Unbranded_i3_Unk_128GB_14-16in,Other/Unbranded,Storage (SSD/HDD),48.17,9.1,1.94,0.17654,19.41,40.3,Other/Unbranded,Medium
SKU-0089,Other/Unbranded_i3_Unk_128GB_14-16in,Other/Unbranded,Keyboard/Chassis,69.52,13.1,2.94,0.38514,9.32,13.4,Other/Unbranded,Medium
SKU-0089,Other/Unbranded_i3_Unk_128GB_14-16in,Other/Unbranded,Power Adapter,33.59,6.3,2.83,0.17829,7.99,23.8,Other/Unbranded,Medium
SKU-0090,Other/Unbranded_i5_Unk_Unk_12-14in,Other/Unbranded,Motherboard,221.33,32.9,8.42,2.7701799999999994,38.73,17.5,Other/Unbranded,Medium
SKU-0090,Other/Unbranded_i5_Unk_Unk_12-14in,Other/Unbranded,Display Panel,136.13,20.2,2.76,0.5575199999999999,88.08,64.7,Other/Unbranded,Medium
SKU-0090,Other/Unbranded_i5_Unk_Unk_12-14in,Other/Unbranded,Battery,50.76,7.5,4.59,0.34425,10.0,19.7,Other/Unbranded,Medium
SKU-0090,Other/Unbranded_i5_Unk_Unk_12-14in,Other/Unbranded,RAM Module,37.66,5.6,1.14,0.06384,15.55,41.3,Other/Unbranded,Medium
SKU-0090,Other/Unbranded_i5_Unk_Unk_12-14in,Other/Unbranded,Storage (SSD/HDD),67.31,10.0,2.28,0.22799999999999998,25.98,38.6,Other/Unbranded,Medium
SKU-0090,Other/Unbranded_i5_Unk_Unk_12-14in,Other/Unbranded,Keyboard/Chassis,88.65,13.2,3.38,0.44616,12.94,14.6,Other/Unbranded,Medium
SKU-0090,Other/Unbranded_i5_Unk_Unk_12-14in,Other/Unbranded,Power Adapter,36.5,5.4,2.69,0.14526000000000003,9.02,24.7,Other/Unbranded,Medium
SKU-0091,Other/Unbranded_i5_16GB_512GB_14-16in,Other/Unbranded,Motherboard,256.6,33.1,5.33,1.7642300000000002,45.93,17.9,Other/Unbranded,Medium
SKU-0091,Other/Unbranded_i5_16GB_512GB_14-16in,Other/Unbranded,Display Panel,173.97,22.5,2.75,0.61875,139.52,80.2,Other/Unbranded,Medium
SKU-0091,Other/Unbranded_i5_16GB_512GB_14-16in,Other/Unbranded,Battery,63.31,8.2,3.58,0.29356,10.89,17.2,Other/Unbranded,Medium
SKU-0091,Other/Unbranded_i5_16GB_512GB_14-16in,Other/Unbranded,RAM Module,45.0,5.8,1.01,0.05857999999999999,18.14,40.3,Other/Unbranded,Medium
SKU-0091,Other/Unbranded_i5_16GB_512GB_14-16in,Other/Unbranded,Storage (SSD/HDD),77.98,10.1,1.8,0.1818,28.85,37.0,Other/Unbranded,Medium
SKU-0091,Other/Unbranded_i5_16GB_512GB_14-16in,Other/Unbranded,Keyboard/Chassis,107.18,13.8,2.82,0.38916,14.9,13.9,Other/Unbranded,Medium
SKU-0091,Other/Unbranded_i5_16GB_512GB_14-16in,Other/Unbranded,Power Adapter,43.49,5.6,2.51,0.14055999999999996,11.44,26.3,Other/Unbranded,Medium
SKU-0092,Dell_Unknown_Unk_Unk_Unk,Dell,Motherboard,175.49,33.0,12.53,4.1349,28.25,16.1,Dell,Medium
SKU-0092,Dell_Unknown_Unk_Unk_Unk,Dell,Display Panel,108.94,20.5,2.74,0.5617,61.33,56.3,Dell,Medium
SKU-0092,Dell_Unknown_Unk_Unk_Unk,Dell,Battery,44.59,8.4,3.76,0.31584,8.47,19.0,Dell,Medium
SKU-0092,Dell_Unknown_Unk_Unk_Unk,Dell,RAM Module,32.71,6.1,0.91,0.055510000000000004,14.26,43.6,Dell,Medium
SKU-0092,Dell_Unknown_Unk_Unk_Unk,Dell,Storage (SSD/HDD),56.99,10.7,2.13,0.22790999999999997,25.59,44.9,Dell,Medium
SKU-0092,Dell_Unknown_Unk_Unk_Unk,Dell,Keyboard/Chassis,80.64,15.1,3.2,0.4832,12.26,15.2,Dell,Medium
SKU-0092,Dell_Unknown_Unk_Unk_Unk,Dell,Power Adapter,28.99,5.4,2.68,0.14472000000000002,7.36,25.4,Dell,Medium
SKU-0093,Lenovo_i5_Unk_128GB_12-14in,Lenovo,Motherboard,238.4,36.6,12.3,4.5018,38.38,16.1,Lenovo,Medium
SKU-0093,Lenovo_i5_Unk_128GB_12-14in,Lenovo,Display Panel,143.81,22.1,2.2,0.4862,82.4,57.3,Lenovo,Medium
SKU-0093,Lenovo_i5_Unk_128GB_12-14in,Lenovo,Battery,53.09,8.1,3.85,0.31185,9.93,18.7,Lenovo,Medium
SKU-0093,Lenovo_i5_Unk_128GB_12-14in,Lenovo,RAM Module,39.61,6.1,0.98,0.05978,18.38,46.4,Lenovo,Medium
SKU-0093,Lenovo_i5_Unk_128GB_12-14in,Lenovo,Storage (SSD/HDD),63.4,9.7,2.14,0.20758,28.34,44.7,Lenovo,Medium
SKU-0093,Lenovo_i5_Unk_128GB_12-14in,Lenovo,Keyboard/Chassis,89.59,13.7,3.29,0.45072999999999996,14.51,16.2,Lenovo,Medium
SKU-0093,Lenovo_i5_Unk_128GB_12-14in,Lenovo,Power Adapter,41.52,6.4,2.48,0.15872,11.92,28.7,Lenovo,Medium
SKU-0094,Samsung_celeron_4GB_32GB_Sub-12in,Samsung,Motherboard,129.73,36.4,12.67,4.61188,20.24,15.6,Samsung,Low
SKU-0094,Samsung_celeron_4GB_32GB_Sub-12in,Samsung,Display Panel,74.67,20.9,2.15,0.44934999999999997,49.58,66.4,Samsung,Low
SKU-0094,Samsung_celeron_4GB_32GB_Sub-12in,Samsung,Battery,29.88,8.4,4.32,0.36288000000000004,6.75,22.6,Samsung,Low
SKU-0094,Samsung_celeron_4GB_32GB_Sub-12in,Samsung,RAM Module,22.36,6.3,1.06,0.06678,8.97,40.1,Samsung,Low
SKU-0094,Samsung_celeron_4GB_32GB_Sub-12in,Samsung,Storage (SSD/HDD),34.67,9.7,2.18,0.21145999999999998,12.93,37.3,Samsung,Low
SKU-0094,Samsung_celeron_4GB_32GB_Sub-12in,Samsung,Keyboard/Chassis,50.24,14.1,3.26,0.4596599999999999,8.64,17.2,Samsung,Low
SKU-0094,Samsung_celeron_4GB_32GB_Sub-12in,Samsung,Power Adapter,22.17,6.2,2.75,0.17049999999999998,5.21,23.5,Samsung,Low
SKU-0095,Dell_celeron_4GB_64GB_Sub-12in,Dell,Motherboard,126.21,34.9,4.23,1.47627,19.31,15.3,Dell,Medium
SKU-0095,Dell_celeron_4GB_64GB_Sub-12in,Dell,Display Panel,83.83,23.2,2.62,0.6078399999999999,50.05,59.7,Dell,Medium
SKU-0095,Dell_celeron_4GB_64GB_Sub-12in,Dell,Battery,30.09,8.3,3.53,0.29299,5.84,19.4,Dell,Medium
SKU-0095,Dell_celeron_4GB_64GB_Sub-12in,Dell,RAM Module,19.86,5.5,0.97,0.05335,8.68,43.7,Dell,Medium
SKU-0095,Dell_celeron_4GB_64GB_Sub-12in,Dell,Storage (SSD/HDD),34.76,9.6,2.03,0.19488,14.46,41.6,Dell,Medium
SKU-0095,Dell_celeron_4GB_64GB_Sub-12in,Dell,Keyboard/Chassis,55.16,15.3,2.62,0.40086,9.38,17.0,Dell,Medium
SKU-0095,Dell_celeron_4GB_64GB_Sub-12in,Dell,Power Adapter,20.83,5.8,2.18,0.12644,5.21,25.0,Dell,Medium
SKU-0096,HP_celeron_4GB_32GB_14-16in,HP,Motherboard,111.99,31.6,6.84,2.16144,21.17,18.9,HP,Low
SKU-0096,HP_celeron_4GB_32GB_14-16in,HP,Display Panel,73.83,20.8,2.34,0.48672,47.84,64.8,HP,Low
SKU-0096,HP_celeron_4GB_32GB_14-16in,HP,Battery,26.39,7.4,3.72,0.2752800000000001,4.51,17.1,HP,Low
SKU-0096,HP_celeron_4GB_32GB_14-16in,HP,RAM Module,21.17,6.0,0.92,0.0552,9.93,46.9,HP,Low
SKU-0096,HP_celeron_4GB_32GB_14-16in,HP,Storage (SSD/HDD),32.15,9.1,1.83,0.16653,12.54,39.0,HP,Low
SKU-0096,HP_celeron_4GB_32GB_14-16in,HP,Keyboard/Chassis,45.89,12.9,3.35,0.43215000000000003,6.88,15.0,HP,Low
SKU-0096,HP_celeron_4GB_32GB_14-16in,HP,Power Adapter,21.64,6.1,2.59,0.15799,4.72,21.8,HP,Low
SKU-0097,HP_i5_8GB_128GB_14-16in,HP,Motherboard,210.3,32.2,8.2,2.6403999999999996,35.54,16.9,HP,Medium
SKU-0097,HP_i5_8GB_128GB_14-16in,HP,Display Panel,144.28,22.1,2.23,0.49283,92.05,63.8,HP,Medium
SKU-0097,HP_i5_8GB_128GB_14-16in,HP,Battery,51.23,7.8,3.59,0.28002,11.42,22.3,HP,Medium
SKU-0097,HP_i5_8GB_128GB_14-16in,HP,RAM Module,40.21,6.2,0.87,0.05394,19.46,48.4,HP,Medium
SKU-0097,HP_i5_8GB_128GB_14-16in,HP,Storage (SSD/HDD),60.13,9.2,1.81,0.16652,26.1,43.4,HP,Medium
SKU-0097,HP_i5_8GB_128GB_14-16in,HP,Keyboard/Chassis,87.35,13.4,3.19,0.42746,11.36,13.0,HP,Medium
SKU-0097,HP_i5_8GB_128GB_14-16in,HP,Power Adapter,38.93,6.0,2.38,0.14279999999999998,11.02,28.3,HP,Medium
SKU-0098,Dell_i5_32GB_2TB_14-16in,Dell,Motherboard,308.41,31.5,12.18,3.8367,61.68,20.0,Dell,Medium
SKU-0098,Dell_i5_32GB_2TB_14-16in,Dell,Display Panel,227.97,23.3,2.79,0.65007,155.93,68.4,Dell,Medium
SKU-0098,Dell_i5_32GB_2TB_14-16in,Dell,Battery,76.45,7.8,4.52,0.35256,16.13,21.1,Dell,Medium
SKU-0098,Dell_i5_32GB_2TB_14-16in,Dell,RAM Module,60.97,6.2,1.0,0.062,26.52,43.5,Dell,Medium
SKU-0098,Dell_i5_32GB_2TB_14-16in,Dell,Storage (SSD/HDD),104.7,10.7,2.11,0.22576999999999997,37.38,35.7,Dell,Medium
SKU-0098,Dell_i5_32GB_2TB_14-16in,Dell,Keyboard/Chassis,142.99,14.6,3.15,0.4599,24.45,17.1,Dell,Medium
SKU-0098,Dell_i5_32GB_2TB_14-16in,Dell,Power Adapter,54.42,5.6,2.63,0.14727999999999997,15.4,28.3,Dell,Medium
SKU-0099,Samsung_celeron_4GB_32GB_14-16in,Samsung,Motherboard,124.81,35.0,4.62,1.617,21.47,17.2,Samsung,Medium
SKU-0099,Samsung_celeron_4GB_32GB_14-16in,Samsung,Display Panel,76.69,21.5,2.77,0.59555,52.15,68.0,Samsung,Medium
SKU-0099,Samsung_celeron_4GB_32GB_14-16in,Samsung,Battery,26.88,7.5,3.84,0.288,5.16,19.2,Samsung,Medium
SKU-0099,Samsung_celeron_4GB_32GB_14-16in,Samsung,RAM Module,22.55,6.3,0.97,0.06111,11.12,49.3,Samsung,Medium
SKU-0099,Samsung_celeron_4GB_32GB_14-16in,Samsung,Storage (SSD/HDD),37.25,10.4,1.92,0.19968,16.54,44.4,Samsung,Medium
SKU-0099,Samsung_celeron_4GB_32GB_14-16in,Samsung,Keyboard/Chassis,53.75,15.1,2.74,0.41374,8.49,15.8,Samsung,Medium
SKU-0099,Samsung_celeron_4GB_32GB_14-16in,Samsung,Power Adapter,19.42,5.4,2.42,0.13068000000000002,5.48,28.2,Samsung,Medium
SKU-0100,Dell_i7_8GB_256GB_14-16in,Dell,Motherboard,305.21,35.0,10.08,3.5279999999999996,58.6,19.2,Dell,Low
SKU-0100,Dell_i7_8GB_256GB_14-16in,Dell,Display Panel,194.97,22.3,2.19,0.48836999999999997,91.64,47.0,Dell,Low
SKU-0100,Dell_i7_8GB_256GB_14-16in,Dell,Battery,63.62,7.3,3.53,0.25769,12.79,20.1,Dell,Low
SKU-0100,Dell_i7_8GB_256GB_14-16in,Dell,RAM Module,48.16,5.5,1.06,0.058300000000000005,19.99,41.5,Dell,Low
SKU-0100,Dell_i7_8GB_256GB_14-16in,Dell,Storage (SSD/HDD),84.4,9.7,1.71,0.16587,29.96,35.5,Dell,Low
SKU-0100,Dell_i7_8GB_256GB_14-16in,Dell,Keyboard/Chassis,110.69,12.7,3.21,0.40767,15.72,14.2,Dell,Low
SKU-0100,Dell_i7_8GB_256GB_14-16in,Dell,Power Adapter,53.34,6.1,2.13,0.12993,13.17,24.7,Dell,Low
SKU-0101,HP_celeron_4GB_128GB_14-16in,HP,Motherboard,132.83,35.8,4.77,1.7076599999999997,22.18,16.7,HP,Low
SKU-0101,HP_celeron_4GB_128GB_14-16in,HP,Display Panel,82.01,22.1,2.86,0.63206,41.42,50.5,HP,Low
SKU-0101,HP_celeron_4GB_128GB_14-16in,HP,Battery,27.18,7.3,3.86,0.28178,5.22,19.2,HP,Low
SKU-0101,HP_celeron_4GB_128GB_14-16in,HP,RAM Module,21.23,5.7,0.86,0.04902,8.96,42.2,HP,Low
SKU-0101,HP_celeron_4GB_128GB_14-16in,HP,Storage (SSD/HDD),38.89,10.5,1.83,0.19215,16.22,41.7,HP,Low
SKU-0101,HP_celeron_4GB_128GB_14-16in,HP,Keyboard/Chassis,46.79,12.6,2.82,0.35531999999999997,7.35,15.7,HP,Low
SKU-0101,HP_celeron_4GB_128GB_14-16in,HP,Power Adapter,23.96,6.5,2.63,0.17095,6.09,25.4,HP,Low
SKU-0102,HP_celeron_4GB_16GB_Sub-12in,HP,Motherboard,119.48,33.7,10.44,3.51828,20.19,16.9,HP,Low
SKU-0102,HP_celeron_4GB_16GB_Sub-12in,HP,Display Panel,81.24,22.9,2.83,0.6480699999999999,57.27,70.5,HP,Low
SKU-0102,HP_celeron_4GB_16GB_Sub-12in,HP,Battery,29.76,8.4,3.97,0.33348000000000005,5.15,17.3,HP,Low
SKU-0102,HP_celeron_4GB_16GB_Sub-12in,HP,RAM Module,23.35,6.6,0.92,0.06072,10.6,45.4,HP,Low
SKU-0102,HP_celeron_4GB_16GB_Sub-12in,HP,Storage (SSD/HDD),35.76,10.1,2.28,0.23027999999999996,12.48,34.9,HP,Low
SKU-0102,HP_celeron_4GB_16GB_Sub-12in,HP,Keyboard/Chassis,46.69,13.2,3.2,0.42240000000000005,7.24,15.5,HP,Low
SKU-0102,HP_celeron_4GB_16GB_Sub-12in,HP,Power Adapter,21.78,6.1,2.71,0.16530999999999998,5.58,25.6,HP,Low
SKU-0103,Dell_i7_32GB_2TB_16in+,Dell,Motherboard,502.19,36.8,11.11,4.08848,94.41,18.8,Dell,Medium
SKU-0103,Dell_i7_32GB_2TB_16in+,Dell,Display Panel,291.22,21.3,2.81,0.59853,166.0,57.0,Dell,Medium
SKU-0103,Dell_i7_32GB_2TB_16in+,Dell,Battery,117.81,8.6,4.25,0.3655,20.5,17.4,Dell,Medium
SKU-0103,Dell_i7_32GB_2TB_16in+,Dell,RAM Module,89.02,6.5,1.0,0.065,36.85,41.4,Dell,Medium
SKU-0103,Dell_i7_32GB_2TB_16in+,Dell,Storage (SSD/HDD),126.61,9.3,2.27,0.21111000000000002,51.15,40.4,Dell,Medium
SKU-0103,Dell_i7_32GB_2TB_16in+,Dell,Keyboard/Chassis,185.67,13.6,3.4,0.46240000000000003,31.75,17.1,Dell,Medium
SKU-0103,Dell_i7_32GB_2TB_16in+,Dell,Power Adapter,78.27,5.7,2.73,0.15561,19.33,24.7,Dell,Medium
SKU-0104,Dell_i5_8GB_16GB_14-16in,Dell,Motherboard,218.6,34.4,6.59,2.2669599999999996,39.13,17.9,Dell,Low
SKU-0104,Dell_i5_8GB_16GB_14-16in,Dell,Display Panel,127.17,20.0,2.76,0.5519999999999999,85.46,67.2,Dell,Low
SKU-0104,Dell_i5_8GB_16GB_14-16in,Dell,Battery,51.09,8.0,3.87,0.30960000000000004,10.73,21.0,Dell,Low
SKU-0104,Dell_i5_8GB_16GB_14-16in,Dell,RAM Module,35.8,5.6,1.14,0.06384,18.51,51.7,Dell,Low
SKU-0104,Dell_i5_8GB_16GB_14-16in,Dell,Storage (SSD/HDD),63.81,10.0,1.83,0.18300000000000002,25.2,39.5,Dell,Low
SKU-0104,Dell_i5_8GB_16GB_14-16in,Dell,Keyboard/Chassis,90.59,14.3,2.62,0.37466000000000005,14.13,15.6,Dell,Low
SKU-0104,Dell_i5_8GB_16GB_14-16in,Dell,Power Adapter,34.41,5.4,2.75,0.14850000000000002,9.19,26.7,Dell,Low
SKU-0105,Dell_celeron_4GB_128GB_Sub-12in,Dell,Motherboard,137.64,37.1,11.5,4.2665,23.95,17.4,Dell,Low
SKU-0105,Dell_celeron_4GB_128GB_Sub-12in,Dell,Display Panel,81.29,21.9,2.66,0.58254,42.68,52.5,Dell,Low
SKU-0105,Dell_celeron_4GB_128GB_Sub-12in,Dell,Battery,29.45,7.9,4.34,0.34286,6.71,22.8,Dell,Low
SKU-0105,Dell_celeron_4GB_128GB_Sub-12in,Dell,RAM Module,23.48,6.3,1.0,0.063,9.02,38.4,Dell,Low
SKU-0105,Dell_celeron_4GB_128GB_Sub-12in,Dell,Storage (SSD/HDD),39.23,10.6,1.93,0.20457999999999998,15.93,40.6,Dell,Low
SKU-0105,Dell_celeron_4GB_128GB_Sub-12in,Dell,Keyboard/Chassis,47.25,12.7,3.28,0.41656,6.43,13.6,Dell,Low
SKU-0105,Dell_celeron_4GB_128GB_Sub-12in,Dell,Power Adapter,23.29,6.3,2.2,0.1386,5.71,24.5,Dell,Low
SKU-0106,Dell_Other/Unspecified_Unk_Unk_14-16in,Dell,Motherboard,162.93,30.6,8.65,2.6469,26.23,16.1,Dell,Medium
SKU-0106,Dell_Other/Unspecified_Unk_Unk_14-16in,Dell,Display Panel,126.96,23.8,2.87,0.6830600000000001,78.72,62.0,Dell,Medium
SKU-0106,Dell_Other/Unspecified_Unk_Unk_14-16in,Dell,Battery,42.43,8.0,4.16,0.33280000000000004,7.43,17.5,Dell,Medium
SKU-0106,Dell_Other/Unspecified_Unk_Unk_14-16in,Dell,RAM Module,34.62,6.5,1.14,0.0741,15.93,46.0,Dell,Medium
SKU-0106,Dell_Other/Unspecified_Unk_Unk_14-16in,Dell,Storage (SSD/HDD),54.54,10.2,2.3,0.23459999999999998,21.05,38.6,Dell,Medium
SKU-0106,Dell_Other/Unspecified_Unk_Unk_14-16in,Dell,Keyboard/Chassis,72.43,13.6,3.14,0.42704000000000003,10.0,13.8,Dell,Medium
SKU-0106,Dell_Other/Unspecified_Unk_Unk_14-16in,Dell,Power Adapter,34.62,6.5,2.2,0.14300000000000002,8.65,25.0,Dell,Medium
SKU-0107,Lenovo_celeron_Unk_256GB_14-16in,Lenovo,Motherboard,155.83,37.1,9.4,3.4874,29.61,19.0,Lenovo,High
SKU-0107,Lenovo_celeron_Unk_256GB_14-16in,Lenovo,Display Panel,100.72,24.0,2.56,0.6144,51.27,50.9,Lenovo,High
SKU-0107,Lenovo_celeron_Unk_256GB_14-16in,Lenovo,Battery,33.11,7.9,3.79,0.29941,7.28,22.0,Lenovo,High
SKU-0107,Lenovo_celeron_Unk_256GB_14-16in,Lenovo,RAM Module,24.46,5.8,1.12,0.06496,12.47,51.0,Lenovo,High
SKU-0107,Lenovo_celeron_Unk_256GB_14-16in,Lenovo,Storage (SSD/HDD),41.17,9.8,2.16,0.21168000000000003,18.07,43.9,Lenovo,High
SKU-0107,Lenovo_celeron_Unk_256GB_14-16in,Lenovo,Keyboard/Chassis,58.77,14.0,2.73,0.38220000000000004,9.05,15.4,Lenovo,High
SKU-0107,Lenovo_celeron_Unk_256GB_14-16in,Lenovo,Power Adapter,24.17,5.8,2.57,0.14905999999999997,5.2,21.5,Lenovo,High
SKU-0108,Other/Unbranded_i5_Unk_512GB_12-14in,Other/Unbranded,Motherboard,261.2,37.0,5.08,1.8796,45.71,17.5,Other/Unbranded,Medium
SKU-0108,Other/Unbranded_i5_Unk_512GB_12-14in,Other/Unbranded,Display Panel,165.47,23.4,2.16,0.50544,83.23,50.3,Other/Unbranded,Medium
SKU-0108,Other/Unbranded_i5_Unk_512GB_12-14in,Other/Unbranded,Battery,59.54,8.4,4.19,0.35196000000000005,10.66,17.9,Other/Unbranded,Medium
SKU-0108,Other/Unbranded_i5_Unk_512GB_12-14in,Other/Unbranded,RAM Module,42.05,6.0,0.86,0.0516,17.75,42.2,Other/Unbranded,Medium
SKU-0108,Other/Unbranded_i5_Unk_512GB_12-14in,Other/Unbranded,Storage (SSD/HDD),64.07,9.1,1.78,0.16197999999999999,27.68,43.2,Other/Unbranded,Medium
SKU-0108,Other/Unbranded_i5_Unk_512GB_12-14in,Other/Unbranded,Keyboard/Chassis,100.63,14.3,2.61,0.37323,14.49,14.4,Other/Unbranded,Medium
SKU-0108,Other/Unbranded_i5_Unk_512GB_12-14in,Other/Unbranded,Power Adapter,46.37,6.6,2.29,0.15114,10.9,23.5,Other/Unbranded,Medium
SKU-0109,Dell_Unknown_Unk_Unk_14-16in,Dell,Motherboard,189.32,35.6,7.23,2.5738800000000004,31.24,16.5,Dell,Low
SKU-0109,Dell_Unknown_Unk_Unk_14-16in,Dell,Display Panel,122.79,23.1,2.76,0.63756,54.03,44.0,Dell,Low
SKU-0109,Dell_Unknown_Unk_Unk_14-16in,Dell,Battery,45.97,8.6,4.38,0.37667999999999996,8.5,18.5,Dell,Low
SKU-0109,Dell_Unknown_Unk_Unk_14-16in,Dell,RAM Module,29.91,5.6,0.96,0.053759999999999995,15.07,50.4,Dell,Low
SKU-0109,Dell_Unknown_Unk_Unk_14-16in,Dell,Storage (SSD/HDD),52.24,9.8,1.83,0.17934000000000003,22.52,43.1,Dell,Low
SKU-0109,Dell_Unknown_Unk_Unk_14-16in,Dell,Keyboard/Chassis,75.89,14.3,3.14,0.4490200000000001,9.94,13.1,Dell,Low
SKU-0109,Dell_Unknown_Unk_Unk_14-16in,Dell,Power Adapter,33.57,6.3,2.14,0.13482,7.82,23.3,Dell,Low
SKU-0110,Lenovo_i7_32GB_2TB_14-16in,Lenovo,Motherboard,427.52,33.9,6.37,2.15943,87.21,20.4,Lenovo,Medium
SKU-0110,Lenovo_i7_32GB_2TB_14-16in,Lenovo,Display Panel,289.55,22.9,2.69,0.61601,162.73,56.2,Lenovo,Medium
SKU-0110,Lenovo_i7_32GB_2TB_14-16in,Lenovo,Battery,105.17,8.3,3.61,0.29963,23.98,22.8,Lenovo,Medium
SKU-0110,Lenovo_i7_32GB_2TB_14-16in,Lenovo,RAM Module,70.56,5.6,0.9,0.05039999999999999,27.94,39.6,Lenovo,Medium
SKU-0110,Lenovo_i7_32GB_2TB_14-16in,Lenovo,Storage (SSD/HDD),136.83,10.8,2.12,0.22896000000000002,58.43,42.7,Lenovo,Medium
SKU-0110,Lenovo_i7_32GB_2TB_14-16in,Lenovo,Keyboard/Chassis,168.7,13.4,3.28,0.43952,22.94,13.6,Lenovo,Medium
SKU-0110,Lenovo_i7_32GB_2TB_14-16in,Lenovo,Power Adapter,71.38,5.7,2.62,0.14934,15.99,22.4,Lenovo,Medium
SKU-0111,HP_i5_8GB_1TB_14-16in,HP,Motherboard,269.87,34.4,11.47,3.94568,48.58,18.0,HP,Low
SKU-0111,HP_i5_8GB_1TB_14-16in,HP,Display Panel,171.88,21.9,2.51,0.5496899999999999,111.03,64.6,HP,Low
SKU-0111,HP_i5_8GB_1TB_14-16in,HP,Battery,61.27,7.8,3.43,0.26754,13.48,22.0,HP,Low
SKU-0111,HP_i5_8GB_1TB_14-16in,HP,RAM Module,49.84,6.4,1.03,0.06592,24.72,49.6,HP,Low
SKU-0111,HP_i5_8GB_1TB_14-16in,HP,Storage (SSD/HDD),74.24,9.5,2.12,0.20140000000000002,32.52,43.8,HP,Low
SKU-0111,HP_i5_8GB_1TB_14-16in,HP,Keyboard/Chassis,110.51,14.1,3.04,0.42863999999999997,16.24,14.7,HP,Low
SKU-0111,HP_i5_8GB_1TB_14-16in,HP,Power Adapter,49.1,6.3,2.77,0.17451,11.1,22.6,HP,Low
SKU-0112,Lenovo_i5_8GB_512GB_12-14in,Lenovo,Motherboard,259.35,36.6,13.24,4.84584,49.28,19.0,Lenovo,Low
SKU-0112,Lenovo_i5_8GB_512GB_12-14in,Lenovo,Display Panel,149.43,21.1,2.78,0.58658,81.44,54.5,Lenovo,Low
SKU-0112,Lenovo_i5_8GB_512GB_12-14in,Lenovo,Battery,51.85,7.3,3.78,0.27593999999999996,11.72,22.6,Lenovo,Low
SKU-0112,Lenovo_i5_8GB_512GB_12-14in,Lenovo,RAM Module,45.37,6.4,1.12,0.07168000000000001,17.42,38.4,Lenovo,Low
SKU-0112,Lenovo_i5_8GB_512GB_12-14in,Lenovo,Storage (SSD/HDD),66.12,9.3,1.81,0.16833000000000004,22.61,34.2,Lenovo,Low
SKU-0112,Lenovo_i5_8GB_512GB_12-14in,Lenovo,Keyboard/Chassis,95.42,13.5,2.87,0.38745,14.79,15.5,Lenovo,Low
SKU-0112,Lenovo_i5_8GB_512GB_12-14in,Lenovo,Power Adapter,41.95,5.9,2.78,0.16402,10.82,25.8,Lenovo,Low
SKU-0113,Microsoft_i7_Unk_256GB_12-14in,Microsoft,Motherboard,292.63,33.5,11.37,3.80895,50.04,17.1,Microsoft,High
SKU-0113,Microsoft_i7_Unk_256GB_12-14in,Microsoft,Display Panel,180.62,20.7,2.41,0.49887,110.72,61.3,Microsoft,High
SKU-0113,Microsoft_i7_Unk_256GB_12-14in,Microsoft,Battery,72.19,8.3,4.16,0.34528000000000003,13.14,18.2,Microsoft,High
SKU-0113,Microsoft_i7_Unk_256GB_12-14in,Microsoft,RAM Module,55.33,6.3,1.03,0.06489,28.55,51.6,Microsoft,High
SKU-0113,Microsoft_i7_Unk_256GB_12-14in,Microsoft,Storage (SSD/HDD),83.34,9.6,1.96,0.18816,38.17,45.8,Microsoft,High
SKU-0113,Microsoft_i7_Unk_256GB_12-14in,Microsoft,Keyboard/Chassis,120.92,13.9,3.43,0.4767700000000001,15.96,13.2,Microsoft,High
SKU-0113,Microsoft_i7_Unk_256GB_12-14in,Microsoft,Power Adapter,57.36,6.6,2.54,0.16764,13.02,22.7,Microsoft,High
SKU-0114,Acer_pentium_Unk_Unk_14-16in,Acer,Motherboard,147.34,33.3,7.32,2.43756,24.16,16.4,Acer,Low
SKU-0114,Acer_pentium_Unk_Unk_14-16in,Acer,Display Panel,102.0,23.1,2.6,0.6006,57.32,56.2,Acer,Low
SKU-0114,Acer_pentium_Unk_Unk_14-16in,Acer,Battery,38.71,8.7,4.12,0.35844,6.77,17.5,Acer,Low
SKU-0114,Acer_pentium_Unk_Unk_14-16in,Acer,RAM Module,28.8,6.5,0.87,0.05655,12.7,44.1,Acer,Low
SKU-0114,Acer_pentium_Unk_Unk_14-16in,Acer,Storage (SSD/HDD),45.12,10.2,2.07,0.21113999999999997,18.86,41.8,Acer,Low
SKU-0114,Acer_pentium_Unk_Unk_14-16in,Acer,Keyboard/Chassis,63.69,14.4,3.18,0.45792000000000005,9.17,14.4,Acer,Low
SKU-0114,Acer_pentium_Unk_Unk_14-16in,Acer,Power Adapter,27.48,6.2,2.65,0.1643,7.09,25.8,Acer,Low
SKU-0115,Dell_i3_4GB_512GB_14-16in,Dell,Motherboard,170.52,30.6,7.85,2.4021,27.11,15.9,Dell,Low
SKU-0115,Dell_i3_4GB_512GB_14-16in,Dell,Display Panel,114.08,20.5,2.83,0.5801499999999999,64.11,56.2,Dell,Low
SKU-0115,Dell_i3_4GB_512GB_14-16in,Dell,Battery,40.16,7.2,4.33,0.31176000000000004,8.35,20.8,Dell,Low
SKU-0115,Dell_i3_4GB_512GB_14-16in,Dell,RAM Module,34.62,6.2,0.97,0.06014,13.33,38.5,Dell,Low
SKU-0115,Dell_i3_4GB_512GB_14-16in,Dell,Storage (SSD/HDD),60.56,10.9,2.03,0.22126999999999997,27.43,45.3,Dell,Low
SKU-0115,Dell_i3_4GB_512GB_14-16in,Dell,Keyboard/Chassis,76.41,13.7,3.31,0.45346999999999993,10.39,13.6,Dell,Low
SKU-0115,Dell_i3_4GB_512GB_14-16in,Dell,Power Adapter,31.51,5.7,2.62,0.14934,7.88,25.0,Dell,Low
SKU-0116,Lenovo_celeron_4GB_16GB_Sub-12in,Lenovo,Motherboard,126.48,35.7,8.96,3.1987200000000007,22.26,17.6,Lenovo,Low
SKU-0116,Lenovo_celeron_4GB_16GB_Sub-12in,Lenovo,Display Panel,82.92,23.4,2.51,0.5873399999999999,38.89,46.9,Lenovo,Low
SKU-0116,Lenovo_celeron_4GB_16GB_Sub-12in,Lenovo,Battery,28.86,8.1,4.14,0.33533999999999997,6.0,20.8,Lenovo,Low
SKU-0116,Lenovo_celeron_4GB_16GB_Sub-12in,Lenovo,RAM Module,22.12,6.2,0.91,0.056420000000000005,10.42,47.1,Lenovo,Low
SKU-0116,Lenovo_celeron_4GB_16GB_Sub-12in,Lenovo,Storage (SSD/HDD),38.12,10.8,2.14,0.23112000000000005,13.04,34.2,Lenovo,Low
SKU-0116,Lenovo_celeron_4GB_16GB_Sub-12in,Lenovo,Keyboard/Chassis,46.78,13.2,2.79,0.36828,6.5,13.9,Lenovo,Low
SKU-0116,Lenovo_celeron_4GB_16GB_Sub-12in,Lenovo,Power Adapter,20.65,5.8,2.44,0.14151999999999998,4.73,22.9,Lenovo,Low
SKU-0117,Dell_celeron_4GB_16GB_Sub-12in,Dell,Motherboard,131.38,37.1,10.89,4.04019,25.75,19.6,Dell,Low
SKU-0117,Dell_celeron_4GB_16GB_Sub-12in,Dell,Display Panel,77.87,22.0,2.34,0.5147999999999999,40.1,51.5,Dell,Low
SKU-0117,Dell_celeron_4GB_16GB_Sub-12in,Dell,Battery,29.01,8.2,4.29,0.35178,6.21,21.4,Dell,Low
SKU-0117,Dell_celeron_4GB_16GB_Sub-12in,Dell,RAM Module,20.38,5.7,1.08,0.061560000000000004,8.97,44.0,Dell,Low
SKU-0117,Dell_celeron_4GB_16GB_Sub-12in,Dell,Storage (SSD/HDD),37.56,10.6,1.9,0.2014,16.68,44.4,Dell,Low
SKU-0117,Dell_celeron_4GB_16GB_Sub-12in,Dell,Keyboard/Chassis,53.54,15.1,3.15,0.47564999999999996,8.73,16.3,Dell,Low
SKU-0117,Dell_celeron_4GB_16GB_Sub-12in,Dell,Power Adapter,20.89,5.9,2.78,0.16402,5.43,26.0,Dell,Low
SKU-0118,HP_i5_8GB_256GB_12-14in,HP,Motherboard,235.44,35.0,8.96,3.136,36.73,15.6,HP,Medium
SKU-0118,HP_i5_8GB_256GB_12-14in,HP,Display Panel,147.93,22.0,2.71,0.5962,88.76,60.0,HP,Medium
SKU-0118,HP_i5_8GB_256GB_12-14in,HP,Battery,51.65,7.7,4.0,0.308,8.94,17.3,HP,Medium
SKU-0118,HP_i5_8GB_256GB_12-14in,HP,RAM Module,36.54,5.4,0.91,0.04914000000000001,15.35,42.0,HP,Medium
SKU-0118,HP_i5_8GB_256GB_12-14in,HP,Storage (SSD/HDD),66.03,9.8,2.09,0.20482,24.5,37.1,HP,Medium
SKU-0118,HP_i5_8GB_256GB_12-14in,HP,Keyboard/Chassis,86.83,12.9,3.01,0.38828999999999997,14.15,16.3,HP,Medium
SKU-0118,HP_i5_8GB_256GB_12-14in,HP,Power Adapter,41.67,6.2,2.79,0.17298,11.42,27.4,HP,Medium
SKU-0119,Lenovo_i5_16GB_1TB_14-16in,Lenovo,Motherboard,259.95,30.7,9.1,2.7937,46.01,17.7,Lenovo,Medium
SKU-0119,Lenovo_i5_16GB_1TB_14-16in,Lenovo,Display Panel,187.89,22.2,2.39,0.53058,124.2,66.1,Lenovo,Medium
SKU-0119,Lenovo_i5_16GB_1TB_14-16in,Lenovo,Battery,72.9,8.6,4.39,0.37753999999999993,13.34,18.3,Lenovo,Medium
SKU-0119,Lenovo_i5_16GB_1TB_14-16in,Lenovo,RAM Module,55.49,6.5,0.95,0.06175,23.86,43.0,Lenovo,Medium
SKU-0119,Lenovo_i5_16GB_1TB_14-16in,Lenovo,Storage (SSD/HDD),80.92,9.5,1.84,0.1748,30.59,37.8,Lenovo,Medium
SKU-0119,Lenovo_i5_16GB_1TB_14-16in,Lenovo,Keyboard/Chassis,108.69,12.8,3.3,0.4224,15.54,14.3,Lenovo,Medium
SKU-0119,Lenovo_i5_16GB_1TB_14-16in,Lenovo,Power Adapter,54.53,6.4,2.63,0.16832,15.0,27.5,Lenovo,Medium
SKU-0120,Other/Unbranded_i5_8GB_512GB_14-16in,Other/Unbranded,Motherboard,218.15,30.7,7.69,2.36083,38.83,17.8,Other/Unbranded,Medium
SKU-0120,Other/Unbranded_i5_8GB_512GB_14-16in,Other/Unbranded,Display Panel,146.34,20.6,2.65,0.5459,77.27,52.8,Other/Unbranded,Medium
SKU-0120,Other/Unbranded_i5_8GB_512GB_14-16in,Other/Unbranded,Battery,56.06,7.9,4.29,0.33891,12.45,22.2,Other/Unbranded,Medium
SKU-0120,Other/Unbranded_i5_8GB_512GB_14-16in,Other/Unbranded,RAM Module,44.63,6.3,1.0,0.063,18.03,40.4,Other/Unbranded,Medium
SKU-0120,Other/Unbranded_i5_8GB_512GB_14-16in,Other/Unbranded,Storage (SSD/HDD),68.88,9.7,1.95,0.18914999999999998,29.48,42.8,Other/Unbranded,Medium
SKU-0120,Other/Unbranded_i5_8GB_512GB_14-16in,Other/Unbranded,Keyboard/Chassis,94.37,13.3,2.87,0.38171000000000005,12.46,13.2,Other/Unbranded,Medium
SKU-0120,Other/Unbranded_i5_8GB_512GB_14-16in,Other/Unbranded,Power Adapter,39.39,5.5,2.28,0.12539999999999998,9.3,23.6,Other/Unbranded,Medium
SKU-0121,Lenovo_i7_8GB_512GB_14-16in,Lenovo,Motherboard,293.21,32.2,4.54,1.46188,60.11,20.5,Lenovo,Low
SKU-0121,Lenovo_i7_8GB_512GB_14-16in,Lenovo,Display Panel,219.86,24.1,2.44,0.58804,134.33,61.1,Lenovo,Low
SKU-0121,Lenovo_i7_8GB_512GB_14-16in,Lenovo,Battery,73.46,8.1,4.24,0.34344,15.57,21.2,Lenovo,Low
SKU-0121,Lenovo_i7_8GB_512GB_14-16in,Lenovo,RAM Module,51.41,5.6,0.95,0.05319999999999999,23.44,45.6,Lenovo,Low
SKU-0121,Lenovo_i7_8GB_512GB_14-16in,Lenovo,Storage (SSD/HDD),93.47,10.3,2.02,0.20806000000000002,33.09,35.4,Lenovo,Low
SKU-0121,Lenovo_i7_8GB_512GB_14-16in,Lenovo,Keyboard/Chassis,127.4,14.0,3.39,0.4746000000000001,18.73,14.7,Lenovo,Low
SKU-0121,Lenovo_i7_8GB_512GB_14-16in,Lenovo,Power Adapter,56.75,6.2,2.28,0.14135999999999999,13.73,24.2,Lenovo,Low
SKU-0122,Other/Unbranded_i5_8GB_256GB_Sub-12in,Other/Unbranded,Motherboard,249.26,37.1,10.75,3.98825,46.36,18.6,Other/Unbranded,Low
SKU-0122,Other/Unbranded_i5_8GB_256GB_Sub-12in,Other/Unbranded,Display Panel,135.18,20.1,2.48,0.49848000000000003,93.81,69.4,Other/Unbranded,Low
SKU-0122,Other/Unbranded_i5_8GB_256GB_Sub-12in,Other/Unbranded,Battery,50.8,7.6,4.26,0.32376,11.33,22.3,Other/Unbranded,Low
SKU-0122,Other/Unbranded_i5_8GB_256GB_Sub-12in,Other/Unbranded,RAM Module,42.15,6.3,1.01,0.06363,20.86,49.5,Other/Unbranded,Low
SKU-0122,Other/Unbranded_i5_8GB_256GB_Sub-12in,Other/Unbranded,Storage (SSD/HDD),72.27,10.7,1.82,0.19474,25.66,35.5,Other/Unbranded,Low
SKU-0122,Other/Unbranded_i5_8GB_256GB_Sub-12in,Other/Unbranded,Keyboard/Chassis,99.63,14.8,2.96,0.4380800000000001,13.55,13.6,Other/Unbranded,Low
SKU-0122,Other/Unbranded_i5_8GB_256GB_Sub-12in,Other/Unbranded,Power Adapter,39.57,5.9,2.49,0.14691,8.47,21.4,Other/Unbranded,Low
SKU-0123,Other/Unbranded_celeron_4GB_256GB_14-16in,Other/Unbranded,Motherboard,143.4,36.7,6.93,2.5433100000000004,22.51,15.7,Other/Unbranded,Medium
SKU-0123,Other/Unbranded_celeron_4GB_256GB_14-16in,Other/Unbranded,Display Panel,85.53,21.9,2.26,0.4949399999999999,63.38,74.1,Other/Unbranded,Medium
SKU-0123,Other/Unbranded_celeron_4GB_256GB_14-16in,Other/Unbranded,Battery,28.52,7.3,4.18,0.30513999999999997,4.96,17.4,Other/Unbranded,Medium
SKU-0123,Other/Unbranded_celeron_4GB_256GB_14-16in,Other/Unbranded,RAM Module,23.49,6.0,1.15,0.06899999999999999,9.72,41.4,Other/Unbranded,Medium
SKU-0123,Other/Unbranded_celeron_4GB_256GB_14-16in,Other/Unbranded,Storage (SSD/HDD),39.5,10.1,1.89,0.19088999999999998,14.46,36.6,Other/Unbranded,Medium
SKU-0123,Other/Unbranded_celeron_4GB_256GB_14-16in,Other/Unbranded,Keyboard/Chassis,57.16,14.6,3.1,0.4526,9.09,15.9,Other/Unbranded,Medium
SKU-0123,Other/Unbranded_celeron_4GB_256GB_14-16in,Other/Unbranded,Power Adapter,23.26,6.0,2.67,0.16019999999999998,6.09,26.2,Other/Unbranded,Medium
